{"type":"FeatureCollection","name":"nhd-canals-pipelines","crs":{"type":"name","properties":{"name":"urn:ogc:def:crs:OGC:1.3:CRS84"}},"features":[{"type":"Feature","geometry":{"type":"LineString","coordinates":[[-113.61775,43.96495],[-113.61627,43.96517],[-113.61335,43.96487],[-113.61192,43.96429],[-113.61079,43.96334],[-113.61015,43.96301],[-113.60999,43.96297],[-113.60969,43.96334],[-113.60949,43.96329]]},"properties":{"gnis_name":"Lower Cedar Creek Ditch","fcode":33600,"lengthkm":0.7804264599999999}},{"type":"Feature","geometry":{"type":"LineString","coordinates":[[-113.84514,44.03067],[-113.83327,44.02598]]},"properties":{"gnis_name":null,"fcode":33600,"lengthkm":1.08514084}},{"type":"Feature","geometry":{"type":"LineString","coordinates":[[-113.23406,44.00383],[-113.234,44.00335],[-113.23419,44.00309],[-113.23422,44.00255],[-113.23516,44.00069],[-113.23518,44.00021],[-113.23552,43.99991],[-113.23576,43.99897]]},"properties":{"gnis_name":null,"fcode":33600,"lengthkm":0.5731759700000001}},{"type":"Feature","geometry":{"type":"LineString","coordinates":[[-113.44473,43.92495],[-113.44479,43.92354],[-113.44438,43.92184],[-113.4441,43.91877],[-113.44449,43.91666],[-113.44426,43.91611],[-113.44453,43.91489],[-113.44521,43.91417],[-113.44569,43.91262],[-113.44713,43.90607]]},"properties":{"gnis_name":null,"fcode":33600,"lengthkm":2.1493070700000003}},{"type":"Feature","geometry":{"type":"LineString","coordinates":[[-113.08522,43.86507],[-113.08487,43.86398],[-113.08492,43.86304],[-113.08468,43.86144],[-113.0848,43.86041],[-113.08442,43.85973],[-113.08424,43.85883],[-113.08392,43.85843],[-113.08351,43.85664],[-113.08243,43.8549],[-113.08086,43.85158]]},"properties":{"gnis_name":null,"fcode":33600,"lengthkm":1.57305813}},{"type":"Feature","geometry":{"type":"LineString","coordinates":[[-113.44747,43.92328],[-113.44879,43.92298],[-113.44907,43.92244]]},"properties":{"gnis_name":null,"fcode":33600,"lengthkm":0.17462077}},{"type":"Feature","geometry":{"type":"LineString","coordinates":[[-112.99381,43.84205],[-112.99364,43.83492],[-112.98386,43.83498]]},"properties":{"gnis_name":null,"fcode":33600,"lengthkm":1.58111755}},{"type":"Feature","geometry":{"type":"LineString","coordinates":[[-113.19068,44.1609],[-113.19092,44.15986],[-113.19185,44.15938],[-113.19204,44.15857]]},"properties":{"gnis_name":null,"fcode":33600,"lengthkm":0.30179312}},{"type":"Feature","geometry":{"type":"LineString","coordinates":[[-113.39171,43.8762],[-113.39283,43.87723],[-113.39354,43.87824],[-113.3935,43.87852],[-113.39376,43.87865],[-113.39444,43.87973],[-113.39433,43.88172],[-113.39467,43.88265]]},"properties":{"gnis_name":null,"fcode":33600,"lengthkm":0.79912607}},{"type":"Feature","geometry":{"type":"LineString","coordinates":[[-113.35144,43.71795],[-113.3513,43.71797],[-113.35125,43.71777],[-113.35126,43.7145],[-113.34641,43.71439],[-113.34622,43.71036],[-113.34622,43.70764],[-113.34633,43.70749],[-113.34623,43.70441],[-113.34631,43.70335],[-113.34675,43.70273],[-113.34524,43.70015]]},"properties":{"gnis_name":null,"fcode":33600,"lengthkm":2.4210808600000004}},{"type":"Feature","geometry":{"type":"LineString","coordinates":[[-113.56021,43.93299],[-113.55959,43.93216],[-113.55784,43.93084],[-113.56064,43.92384]]},"properties":{"gnis_name":"Hanson Ditch","fcode":33600,"lengthkm":1.12299987}},{"type":"Feature","geometry":{"type":"LineString","coordinates":[[-112.90524,43.73969],[-112.9053,43.74308],[-112.9077,43.7469],[-112.90825,43.75188],[-112.90766,43.75306],[-112.90808,43.75447],[-112.90768,43.75599],[-112.90736,43.75632],[-112.90615,43.75692],[-112.90545,43.758]]},"properties":{"gnis_name":null,"fcode":33600,"lengthkm":2.17712922}},{"type":"Feature","geometry":{"type":"LineString","coordinates":[[-112.98273,43.80233],[-112.97735,43.80231],[-112.97236,43.80049],[-112.9714,43.79838],[-112.97147,43.79352],[-112.97131,43.79318],[-112.96957,43.79298],[-112.96864,43.79235],[-112.96721,43.79302],[-112.96654,43.79309]]},"properties":{"gnis_name":null,"fcode":33600,"lengthkm":2.15844492}},{"type":"Feature","geometry":{"type":"LineString","coordinates":[[-112.96952,43.77931],[-112.9691,43.77896],[-112.96807,43.77742],[-112.96766,43.77721],[-112.95954,43.77677],[-112.95613,43.77602],[-112.93649,43.77619]]},"properties":{"gnis_name":null,"fcode":33600,"lengthkm":2.79964746}},{"type":"Feature","geometry":{"type":"LineString","coordinates":[[-112.9053,43.71208],[-112.90529,43.71572]]},"properties":{"gnis_name":null,"fcode":33600,"lengthkm":0.4066618}},{"type":"Feature","geometry":{"type":"LineString","coordinates":[[-112.90549,43.68084],[-112.89917,43.68084]]},"properties":{"gnis_name":null,"fcode":33600,"lengthkm":0.5074687800000001}},{"type":"Feature","geometry":{"type":"LineString","coordinates":[[-112.9842,43.53425],[-112.98024,43.53731]]},"properties":{"gnis_name":null,"fcode":33600,"lengthkm":0.46666082000000003}},{"type":"Feature","geometry":{"type":"LineString","coordinates":[[-112.89705,43.63766],[-112.90127,43.63766]]},"properties":{"gnis_name":null,"fcode":33600,"lengthkm":0.33894067000000005}},{"type":"Feature","geometry":{"type":"LineString","coordinates":[[-113.36531,43.69582],[-113.36509,43.69582],[-113.36502,43.68984],[-113.36427,43.68917]]},"properties":{"gnis_name":null,"fcode":33600,"lengthkm":0.7818667300000001}},{"type":"Feature","geometry":{"type":"LineString","coordinates":[[-112.9739,43.80926],[-112.96471,43.81279],[-112.96411,43.81285]]},"properties":{"gnis_name":null,"fcode":33600,"lengthkm":0.88593993}},{"type":"Feature","geometry":{"type":"LineString","coordinates":[[-113.58136,43.955],[-113.58151,43.95493]]},"properties":{"gnis_name":"Nielsen Ditch","fcode":33600,"lengthkm":0.01544621}},{"type":"Feature","geometry":{"type":"LineString","coordinates":[[-113.40171,43.67054],[-113.40084,43.67055],[-113.40086,43.66383],[-113.39592,43.66382],[-113.39594,43.66026]]},"properties":{"gnis_name":null,"fcode":33600,"lengthkm":1.6152435400000003}},{"type":"Feature","geometry":{"type":"LineString","coordinates":[[-113.33889,43.76957],[-113.33839,43.76911],[-113.3359,43.76562]]},"properties":{"gnis_name":"East Side Ditch","fcode":33600,"lengthkm":0.50351926}},{"type":"Feature","geometry":{"type":"LineString","coordinates":[[-113.37568,43.84395],[-113.37512,43.84232],[-113.37438,43.84102],[-113.37436,43.84053],[-113.37402,43.8397],[-113.37301,43.83815],[-113.36755,43.83325],[-113.3663,43.83264],[-113.3655,43.83204],[-113.36386,43.83032],[-113.36256,43.82983],[-113.36105,43.82874],[-113.36064,43.82822]]},"properties":{"gnis_name":"Burnett Ditch","fcode":33600,"lengthkm":2.21131238}},{"type":"Feature","geometry":{"type":"LineString","coordinates":[[-113.30637,43.57983],[-113.30634,43.57703],[-113.30138,43.57705],[-113.30051,43.57718],[-113.29983,43.57706],[-113.29889,43.57733],[-113.29792,43.57737],[-113.29687,43.57806],[-113.29637,43.57886]]},"properties":{"gnis_name":null,"fcode":33600,"lengthkm":1.21640647}},{"type":"Feature","geometry":{"type":"LineString","coordinates":[[-113.4343,43.88068],[-113.43095,43.88071],[-113.42954,43.88053],[-113.42663,43.88066],[-113.42234,43.87858],[-113.42008,43.87707],[-113.41915,43.87694],[-113.41725,43.87633],[-113.41411,43.87577],[-113.41119,43.8747],[-113.40896,43.87351]]},"properties":{"gnis_name":"Burnett Ditch","fcode":33600,"lengthkm":2.2720430300000003}},{"type":"Feature","geometry":{"type":"LineString","coordinates":[[-113.36589,44.1581],[-113.36403,44.15859],[-113.35969,44.16014],[-113.35835,44.16112],[-113.35607,44.16173],[-113.35452,44.16237],[-113.34751,44.16421],[-113.33774,44.16622],[-113.33515,44.16657],[-113.32741,44.16847],[-113.32539,44.16868],[-113.31755,44.17003]]},"properties":{"gnis_name":null,"fcode":33600,"lengthkm":4.11075115}},{"type":"Feature","geometry":{"type":"LineString","coordinates":[[-112.90545,43.758],[-112.90368,43.76096],[-112.903,43.7614],[-112.89203,43.76135]]},"properties":{"gnis_name":null,"fcode":33600,"lengthkm":1.3150479499999999}},{"type":"Feature","geometry":{"type":"LineString","coordinates":[[-113.4141,43.60211],[-113.40073,43.60217]]},"properties":{"gnis_name":null,"fcode":33600,"lengthkm":1.07448272}},{"type":"Feature","geometry":{"type":"LineString","coordinates":[[-113.89599,44.13345],[-113.89759,44.13299]]},"properties":{"gnis_name":null,"fcode":33600,"lengthkm":0.13875437000000002}},{"type":"Feature","geometry":{"type":"LineString","coordinates":[[-113.89917,44.07308],[-113.89993,44.07195],[-113.90025,44.07171],[-113.90004,44.07076]]},"properties":{"gnis_name":null,"fcode":33600,"lengthkm":0.2898117}},{"type":"Feature","geometry":{"type":"LineString","coordinates":[[-113.84274,43.98695],[-113.84278,43.98639],[-113.84195,43.98569],[-113.84189,43.98538],[-113.84049,43.98416],[-113.84041,43.9838],[-113.83949,43.9838],[-113.837,43.98576],[-113.83596,43.98591]]},"properties":{"gnis_name":null,"fcode":33600,"lengthkm":0.8756045600000001}},{"type":"Feature","geometry":{"type":"LineString","coordinates":[[-113.404,43.6077],[-113.40391,43.60565],[-113.40359,43.60487],[-113.40255,43.60373],[-113.40129,43.60293],[-113.39925,43.60228],[-113.39393,43.6023]]},"properties":{"gnis_name":null,"fcode":33600,"lengthkm":1.2171035000000001}},{"type":"Feature","geometry":{"type":"LineString","coordinates":[[-113.36063,43.71067],[-113.3605,43.71079],[-113.35628,43.71071],[-113.35627,43.69745],[-113.35515,43.69744],[-113.35446,43.69708],[-113.35428,43.69687],[-113.35416,43.69618]]},"properties":{"gnis_name":null,"fcode":33600,"lengthkm":2.10206884}},{"type":"Feature","geometry":{"type":"LineString","coordinates":[[-113.06741,43.86936],[-113.06469,43.86741],[-113.05406,43.86751],[-113.05057,43.86916],[-113.0362,43.86543],[-113.02464,43.8661],[-113.0172,43.86199],[-113.01401,43.85908]]},"properties":{"gnis_name":null,"fcode":33600,"lengthkm":4.8165168199999995}},{"type":"Feature","geometry":{"type":"LineString","coordinates":[[-113.25437,44.12881],[-113.25494,44.12964],[-113.25583,44.13147],[-113.25709,44.1328],[-113.25747,44.13409],[-113.25798,44.13494],[-113.25802,44.13685],[-113.25829,44.13771],[-113.25813,44.13816],[-113.25838,44.13913],[-113.25825,44.13985],[-113.25946,44.14185],[-113.25984,44.14222],[-113.25984,44.14262],[-113.26031,44.14328],[-113.26071,44.14454],[-113.26165,44.14516],[-113.26277,44.14545]]},"properties":{"gnis_name":null,"fcode":33600,"lengthkm":2.06967253}},{"type":"Feature","geometry":{"type":"LineString","coordinates":[[-113.57562,43.95035],[-113.57414,43.94934],[-113.57355,43.94847],[-113.57221,43.94719],[-113.57134,43.94668],[-113.57107,43.94583],[-113.57004,43.94476],[-113.56941,43.94347],[-113.56783,43.94236],[-113.56592,43.94155]]},"properties":{"gnis_name":"Hanson Ditch","fcode":33600,"lengthkm":1.30528167}},{"type":"Feature","geometry":{"type":"LineString","coordinates":[[-113.8272,44.02413],[-113.82581,44.02358],[-113.81941,44.0236],[-113.81474,44.01999]]},"properties":{"gnis_name":null,"fcode":33600,"lengthkm":1.18712467}},{"type":"Feature","geometry":{"type":"LineString","coordinates":[[-112.93333,43.8413],[-112.93268,43.84072],[-112.9303,43.84045],[-112.9292,43.83981],[-112.92873,43.8398],[-112.92758,43.83924],[-112.9266,43.83911]]},"properties":{"gnis_name":null,"fcode":33600,"lengthkm":0.62816407}},{"type":"Feature","geometry":{"type":"LineString","coordinates":[[-113.44645,43.85673],[-113.44585,43.85643],[-113.44462,43.85544],[-113.44268,43.85498],[-113.44046,43.85361],[-113.42661,43.85351],[-113.42647,43.84973],[-113.4182,43.85009],[-113.41129,43.84989]]},"properties":{"gnis_name":"McGowan Ditch","fcode":33600,"lengthkm":3.3730854100000003}},{"type":"Feature","geometry":{"type":"LineString","coordinates":[[-112.92425,43.83544],[-112.92313,43.83448],[-112.92081,43.8329]]},"properties":{"gnis_name":null,"fcode":33600,"lengthkm":0.39828679}},{"type":"Feature","geometry":{"type":"LineString","coordinates":[[-112.99381,43.84205],[-112.98387,43.84204]]},"properties":{"gnis_name":null,"fcode":33600,"lengthkm":0.79645276}},{"type":"Feature","geometry":{"type":"LineString","coordinates":[[-112.9156,43.70217],[-112.91558,43.70248]]},"properties":{"gnis_name":null,"fcode":33600,"lengthkm":0.03427919}},{"type":"Feature","geometry":{"type":"LineString","coordinates":[[-112.91313,43.63766],[-112.91463,43.63761]]},"properties":{"gnis_name":null,"fcode":33600,"lengthkm":0.12028885}},{"type":"Feature","geometry":{"type":"LineString","coordinates":[[-113.39336,43.65283],[-113.3936,43.65265],[-113.40108,43.65265]]},"properties":{"gnis_name":null,"fcode":33600,"lengthkm":0.63299829}},{"type":"Feature","geometry":{"type":"LineString","coordinates":[[-113.39599,43.67463],[-113.40234,43.67467]]},"properties":{"gnis_name":null,"fcode":33600,"lengthkm":0.5096853400000001}},{"type":"Feature","geometry":{"type":"LineString","coordinates":[[-113.6662,44.0051],[-113.66721,44.00372],[-113.66739,44.00367]]},"properties":{"gnis_name":null,"fcode":33600,"lengthkm":0.19316342000000003}},{"type":"Feature","geometry":{"type":"LineString","coordinates":[[-113.45574,43.77019],[-113.45574,43.77161],[-113.45489,43.7728],[-113.45096,43.77738],[-113.45005,43.77817],[-113.4484,43.77917]]},"properties":{"gnis_name":null,"fcode":33600,"lengthkm":1.20556587}},{"type":"Feature","geometry":{"type":"LineString","coordinates":[[-113.44713,43.90607],[-113.44791,43.90617],[-113.4487,43.90665],[-113.44912,43.90718],[-113.4494,43.9083]]},"properties":{"gnis_name":"Fury Ditch","fcode":33600,"lengthkm":0.34318895}},{"type":"Feature","geometry":{"type":"LineString","coordinates":[[-113.76788,43.96877],[-113.76707,43.96896],[-113.76635,43.96887],[-113.7656,43.9685]]},"properties":{"gnis_name":null,"fcode":33600,"lengthkm":0.20156528}},{"type":"Feature","geometry":{"type":"LineString","coordinates":[[-113.41546,43.60274],[-113.4156,43.59496]]},"properties":{"gnis_name":null,"fcode":33600,"lengthkm":0.87687998}},{"type":"Feature","geometry":{"type":"LineString","coordinates":[[-113.92813,44.07096],[-113.92833,44.07123],[-113.92808,44.07137],[-113.92472,44.07111],[-113.9233,44.07066],[-113.92177,44.07073],[-113.9209,44.07117],[-113.91983,44.07077],[-113.91894,44.07098],[-113.91859,44.07118],[-113.91854,44.07168],[-113.91784,44.0722],[-113.91777,44.07249],[-113.91795,44.07321],[-113.91766,44.07437],[-113.91819,44.07473],[-113.91988,44.0753]]},"properties":{"gnis_name":null,"fcode":33600,"lengthkm":1.47344766}},{"type":"Feature","geometry":{"type":"LineString","coordinates":[[-113.45752,43.86502],[-113.45701,43.86471],[-113.45634,43.86474],[-113.45567,43.86504],[-113.4541,43.86488],[-113.45344,43.86468],[-113.45274,43.8641],[-113.4512,43.86366],[-113.44998,43.86287],[-113.44909,43.8633],[-113.44825,43.86323],[-113.44785,43.86303],[-113.44722,43.86229],[-113.44634,43.86221],[-113.44562,43.86089],[-113.44485,43.86066],[-113.44365,43.8608],[-113.43668,43.86083],[-113.43655,43.85791]]},"properties":{"gnis_name":"Angelo Ditch","fcode":33600,"lengthkm":2.29048045}},{"type":"Feature","geometry":{"type":"LineString","coordinates":[[-113.11524,44.009],[-113.11809,44.0098],[-113.1211,44.01127],[-113.1221,44.01142]]},"properties":{"gnis_name":null,"fcode":33600,"lengthkm":0.61837178}},{"type":"Feature","geometry":{"type":"LineString","coordinates":[[-113.36408,43.68168],[-113.36615,43.68165],[-113.36617,43.68064],[-113.36687,43.68064],[-113.36685,43.6809],[-113.3671,43.68092],[-113.36728,43.6807],[-113.36754,43.68085]]},"properties":{"gnis_name":null,"fcode":33600,"lengthkm":0.44918968}},{"type":"Feature","geometry":{"type":"LineString","coordinates":[[-113.40234,43.67467],[-113.4026,43.6734],[-113.40182,43.67269],[-113.40147,43.67208],[-113.40189,43.66952],[-113.40284,43.66807],[-113.40341,43.6668],[-113.40677,43.66407],[-113.40674,43.66326],[-113.40587,43.66236],[-113.40524,43.66119],[-113.4057,43.66023]]},"properties":{"gnis_name":"Moore Canal","fcode":33600,"lengthkm":1.81589647}},{"type":"Feature","geometry":{"type":"LineString","coordinates":[[-113.03693,43.53437],[-113.03595,43.53475],[-113.03491,43.53485],[-113.03067,43.53459],[-113.02989,43.53476],[-113.02534,43.53732],[-113.01803,43.54211],[-113.01645,43.54249],[-113.01584,43.54313],[-113.0143,43.54373],[-113.01339,43.54471],[-113.01345,43.54556],[-113.01377,43.54632],[-113.01279,43.54745],[-113.01004,43.54863]]},"properties":{"gnis_name":null,"fcode":33600,"lengthkm":2.94136827}},{"type":"Feature","geometry":{"type":"LineString","coordinates":[[-113.01378,43.84199],[-113.01367,43.82714],[-112.99352,43.82746]]},"properties":{"gnis_name":null,"fcode":33600,"lengthkm":3.27321065}},{"type":"Feature","geometry":{"type":"LineString","coordinates":[[-112.96392,43.83494],[-112.95409,43.83488]]},"properties":{"gnis_name":null,"fcode":33600,"lengthkm":0.7876365100000001}},{"type":"Feature","geometry":{"type":"LineString","coordinates":[[-112.96521,43.72319],[-112.96517,43.72289],[-112.96377,43.72144],[-112.96351,43.72058],[-112.96513,43.7173],[-112.96646,43.71605],[-112.9665,43.71586],[-112.96462,43.71423]]},"properties":{"gnis_name":null,"fcode":33600,"lengthkm":1.15357647}},{"type":"Feature","geometry":{"type":"LineString","coordinates":[[-112.98803,43.54521],[-112.988,43.54402],[-112.98787,43.54386],[-112.98435,43.54157],[-112.98319,43.53833],[-112.98275,43.53806]]},"properties":{"gnis_name":null,"fcode":33600,"lengthkm":0.9570998000000001}},{"type":"Feature","geometry":{"type":"LineString","coordinates":[[-113.41322,43.65248],[-113.41288,43.65051]]},"properties":{"gnis_name":"Moore Canal","fcode":33600,"lengthkm":0.22160591000000002}},{"type":"Feature","geometry":{"type":"LineString","coordinates":[[-113.36115,43.68165],[-113.36408,43.68168]]},"properties":{"gnis_name":null,"fcode":33600,"lengthkm":0.23501873}},{"type":"Feature","geometry":{"type":"LineString","coordinates":[[-113.89226,44.13416],[-113.89235,44.13388],[-113.89213,44.13332],[-113.89154,44.13275],[-113.89105,44.13175],[-113.8909,44.12927],[-113.88812,44.12927],[-113.88696,44.12846],[-113.88987,44.12691],[-113.89178,44.12885],[-113.89706,44.12597]]},"properties":{"gnis_name":null,"fcode":33600,"lengthkm":2.01222044}},{"type":"Feature","geometry":{"type":"LineString","coordinates":[[-113.48134,43.58284],[-113.483,43.58137],[-113.48417,43.58158],[-113.48607,43.58142],[-113.48706,43.5816],[-113.48776,43.58112],[-113.48778,43.58063],[-113.48519,43.5787],[-113.48824,43.57853],[-113.48943,43.57801],[-113.48985,43.57812],[-113.49013,43.57844],[-113.49002,43.57922],[-113.4906,43.57911],[-113.49126,43.57963],[-113.49193,43.57979],[-113.49257,43.5802],[-113.49375,43.58038],[-113.49499,43.58103],[-113.49556,43.5826],[-113.4955,43.58304],[-113.49576,43.58344]]},"properties":{"gnis_name":null,"fcode":33600,"lengthkm":2.30015848}},{"type":"Feature","geometry":{"type":"LineString","coordinates":[[-113.4085,43.65249],[-113.40826,43.65271],[-113.40794,43.65272],[-113.40131,43.65278],[-113.40108,43.65265]]},"properties":{"gnis_name":null,"fcode":33600,"lengthkm":0.61574419}},{"type":"Feature","geometry":{"type":"LineString","coordinates":[[-113.03266,43.87266],[-113.03105,43.87296],[-113.02817,43.87296],[-113.02679,43.87323]]},"properties":{"gnis_name":null,"fcode":33600,"lengthkm":0.47992190000000007}},{"type":"Feature","geometry":{"type":"LineString","coordinates":[[-113.06509,43.8564],[-113.05662,43.85645]]},"properties":{"gnis_name":null,"fcode":33600,"lengthkm":0.67907494}},{"type":"Feature","geometry":{"type":"LineString","coordinates":[[-112.96384,43.84435],[-112.95973,43.8431],[-112.95356,43.84202],[-112.94873,43.84212]]},"properties":{"gnis_name":null,"fcode":33600,"lengthkm":1.2589007600000002}},{"type":"Feature","geometry":{"type":"LineString","coordinates":[[-113.19204,44.15857],[-113.19364,44.15723],[-113.1937,44.15656],[-113.19418,44.15515],[-113.19423,44.15469],[-113.19408,44.15426],[-113.19453,44.15304],[-113.19418,44.15203],[-113.19357,44.15145]]},"properties":{"gnis_name":null,"fcode":33600,"lengthkm":0.87806259}},{"type":"Feature","geometry":{"type":"LineString","coordinates":[[-113.40089,43.68262],[-113.40086,43.68194]]},"properties":{"gnis_name":"Moore Canal","fcode":33600,"lengthkm":0.07582132000000001}},{"type":"Feature","geometry":{"type":"LineString","coordinates":[[-113.41322,43.65248],[-113.41097,43.65253]]},"properties":{"gnis_name":null,"fcode":33600,"lengthkm":0.18099349}},{"type":"Feature","geometry":{"type":"LineString","coordinates":[[-113.41559,43.60219],[-113.4156,43.59496]]},"properties":{"gnis_name":null,"fcode":33600,"lengthkm":0.8068763200000001}},{"type":"Feature","geometry":{"type":"LineString","coordinates":[[-112.96384,43.84435],[-112.96381,43.8426],[-112.96401,43.84187],[-112.9639,43.84139],[-112.96392,43.83494]]},"properties":{"gnis_name":null,"fcode":33600,"lengthkm":1.05630608}},{"type":"Feature","geometry":{"type":"LineString","coordinates":[[-113.40108,43.65265],[-113.40114,43.64637],[-113.40144,43.64635],[-113.40142,43.64426]]},"properties":{"gnis_name":null,"fcode":33600,"lengthkm":0.95843087}},{"type":"Feature","geometry":{"type":"LineString","coordinates":[[-113.43595,43.90549],[-113.43733,43.90574]]},"properties":{"gnis_name":"Fury Ditch","fcode":33600,"lengthkm":0.11572854}},{"type":"Feature","geometry":{"type":"LineString","coordinates":[[-113.76962,43.97189],[-113.76804,43.97028],[-113.76785,43.96911]]},"properties":{"gnis_name":null,"fcode":33600,"lengthkm":0.35106405}},{"type":"Feature","geometry":{"type":"LineString","coordinates":[[-113.44713,43.90607],[-113.44752,43.90436]]},"properties":{"gnis_name":null,"fcode":33600,"lengthkm":0.19298517}},{"type":"Feature","geometry":{"type":"LineString","coordinates":[[-113.08399,44.0049],[-113.08468,44.00515],[-113.08582,44.00597]]},"properties":{"gnis_name":null,"fcode":33600,"lengthkm":0.19268697}},{"type":"Feature","geometry":{"type":"LineString","coordinates":[[-113.01378,43.84199],[-113.01289,43.84203],[-113.01223,43.84178],[-113.01137,43.84173],[-113.01125,43.842],[-113.0108,43.84202],[-113.00401,43.84197]]},"properties":{"gnis_name":null,"fcode":33600,"lengthkm":0.8160067000000001}},{"type":"Feature","geometry":{"type":"LineString","coordinates":[[-113.45784,43.60348],[-113.45738,43.60302],[-113.45721,43.60228],[-113.458,43.59886],[-113.45798,43.59776],[-113.45778,43.59712],[-113.45538,43.59318],[-113.45537,43.59275],[-113.45594,43.59183],[-113.45606,43.5912],[-113.45536,43.58935],[-113.45506,43.58896],[-113.45403,43.58888]]},"properties":{"gnis_name":"Blaine Canal","fcode":33600,"lengthkm":1.7930028500000001}},{"type":"Feature","geometry":{"type":"LineString","coordinates":[[-113.3733,43.78715],[-113.37246,43.78685],[-113.37204,43.78644],[-113.3722,43.78547],[-113.37289,43.78492],[-113.3727,43.78331],[-113.37292,43.78252],[-113.37221,43.78175],[-113.37243,43.7814],[-113.3724,43.78092],[-113.37171,43.78026],[-113.37174,43.78006],[-113.37107,43.78004],[-113.37122,43.77261]]},"properties":{"gnis_name":null,"fcode":33600,"lengthkm":1.8011748699999999}},{"type":"Feature","geometry":{"type":"LineString","coordinates":[[-113.39594,43.66026],[-113.396,43.65284]]},"properties":{"gnis_name":null,"fcode":33600,"lengthkm":0.8279313300000001}},{"type":"Feature","geometry":{"type":"LineString","coordinates":[[-113.53121,43.91216],[-113.53129,43.9119],[-113.53068,43.91141],[-113.52783,43.9099],[-113.52545,43.90953],[-113.52397,43.90901],[-113.52244,43.90872],[-113.51986,43.90845],[-113.51763,43.90844],[-113.51741,43.90816],[-113.51638,43.90823],[-113.51496,43.90803],[-113.5121,43.90815],[-113.51107,43.90838],[-113.51085,43.9086],[-113.50925,43.90875],[-113.50798,43.9095],[-113.50513,43.91019],[-113.50352,43.91099],[-113.5019,43.91141],[-113.50174,43.91167]]},"properties":{"gnis_name":"Hanson Ditch","fcode":33600,"lengthkm":2.66136063}},{"type":"Feature","geometry":{"type":"LineString","coordinates":[[-113.4156,43.59496],[-113.41559,43.59482]]},"properties":{"gnis_name":null,"fcode":33600,"lengthkm":0.01616742}},{"type":"Feature","geometry":{"type":"LineString","coordinates":[[-113.08473,43.86831],[-113.08427,43.86847],[-113.08321,43.86685],[-113.07826,43.86739],[-113.07581,43.86785],[-113.06954,43.87035]]},"properties":{"gnis_name":null,"fcode":33600,"lengthkm":1.4337176}},{"type":"Feature","geometry":{"type":"LineString","coordinates":[[-112.92345,43.65747],[-112.92317,43.65815],[-112.92249,43.65856],[-112.92038,43.65896],[-112.91807,43.66039],[-112.91645,43.66046]]},"properties":{"gnis_name":null,"fcode":33600,"lengthkm":0.70308773}},{"type":"Feature","geometry":{"type":"LineString","coordinates":[[-112.91463,43.63761],[-112.91552,43.63761]]},"properties":{"gnis_name":null,"fcode":33600,"lengthkm":0.07200000000000001}},{"type":"Feature","geometry":{"type":"LineString","coordinates":[[-112.91559,43.70431],[-112.91562,43.71055]]},"properties":{"gnis_name":null,"fcode":33600,"lengthkm":0.6965311200000001}},{"type":"Feature","geometry":{"type":"LineString","coordinates":[[-113.56064,43.56223],[-113.56182,43.5622],[-113.56192,43.56319],[-113.56241,43.56366],[-113.56331,43.56417],[-113.56508,43.56471],[-113.56621,43.56523],[-113.56721,43.56522],[-113.56774,43.56561],[-113.56908,43.56546]]},"properties":{"gnis_name":null,"fcode":33600,"lengthkm":0.8925810300000001}},{"type":"Feature","geometry":{"type":"LineString","coordinates":[[-113.33524,43.6517],[-113.33435,43.64998],[-113.33379,43.6495],[-113.33377,43.64855],[-113.33303,43.64688],[-113.33267,43.64652],[-113.33249,43.64486],[-113.3329,43.6441],[-113.33301,43.64342],[-113.33219,43.6418],[-113.33215,43.6413],[-113.33074,43.64048],[-113.33022,43.63949],[-113.3295,43.63896],[-113.32912,43.63886],[-113.32913,43.63813],[-113.32875,43.63729],[-113.32894,43.6362],[-113.32946,43.63535],[-113.3291,43.63483],[-113.32922,43.63381],[-113.32894,43.63339],[-113.32785,43.63324],[-113.32813,43.63256],[-113.32775,43.63182],[-113.327,43.63151],[-113.32604,43.6315],[-113.32499,43.63096],[-113.32403,43.6303],[-113.32382,43.62979],[-113.32377,43.62939],[-113.32404,43.62837],[-113.32391,43.62771],[-113.32487,43.62738],[-113.32557,43.62665],[-113.32613,43.62562],[-113.32631,43.62458],[-113.32659,43.62433],[-113.32676,43.62312],[-113.32604,43.62208],[-113.32555,43.62201],[-113.32514,43.62166],[-113.32488,43.62089],[-113.32523,43.61928],[-113.32506,43.61857],[-113.32299,43.61719],[-113.32293,43.61681]]},"properties":{"gnis_name":"Munsey Ditch","fcode":33600,"lengthkm":4.63223512}},{"type":"Feature","geometry":{"type":"LineString","coordinates":[[-112.98024,43.53731],[-112.97929,43.53689],[-112.97715,43.53462],[-112.97591,43.53172],[-112.9759,43.52912]]},"properties":{"gnis_name":null,"fcode":33600,"lengthkm":1.0258560700000001}},{"type":"Feature","geometry":{"type":"LineString","coordinates":[[-113.28715,44.25784],[-113.28705,44.25715],[-113.28722,44.25681],[-113.28725,44.25595],[-113.2868,44.2547],[-113.28657,44.25446],[-113.28651,44.25398],[-113.2867,44.25328],[-113.28771,44.25248],[-113.28812,44.25192],[-113.28808,44.24983],[-113.2876,44.24934],[-113.28624,44.24859],[-113.28503,44.24822],[-113.28306,44.24793],[-113.28339,44.2472],[-113.28342,44.24676],[-113.28295,44.24513],[-113.283,44.2444],[-113.28326,44.24416],[-113.2833,44.24361],[-113.28273,44.24186],[-113.28143,44.24021],[-113.28012,44.23912],[-113.27869,44.2384],[-113.27728,44.23792],[-113.27674,44.23789]]},"properties":{"gnis_name":null,"fcode":33600,"lengthkm":2.80987254}},{"type":"Feature","geometry":{"type":"LineString","coordinates":[[-113.01374,43.85669],[-113.01224,43.85666],[-113.01126,43.8559],[-113.0093,43.85484],[-113.00665,43.85279],[-113.00379,43.85145],[-112.99968,43.85045],[-112.99565,43.84991],[-112.99401,43.84989]]},"properties":{"gnis_name":null,"fcode":33600,"lengthkm":1.8309545000000003}},{"type":"Feature","geometry":{"type":"LineString","coordinates":[[-113.60266,43.91845],[-113.60348,43.91873],[-113.60466,43.91885],[-113.60487,43.91916],[-113.60512,43.91924],[-113.6059,43.91918],[-113.60643,43.91934],[-113.60696,43.92026],[-113.60825,43.92107],[-113.60913,43.92101],[-113.61211,43.92147],[-113.61321,43.92109],[-113.61438,43.92116],[-113.61499,43.92127],[-113.61585,43.92171],[-113.61661,43.92226],[-113.61685,43.9232],[-113.61655,43.92379],[-113.61717,43.92555],[-113.6171,43.92599],[-113.61782,43.92649],[-113.61813,43.92763],[-113.62085,43.92814],[-113.62208,43.92853],[-113.62297,43.92939],[-113.62644,43.93142],[-113.62841,43.93223],[-113.6293,43.93347],[-113.63067,43.93436],[-113.63265,43.93613],[-113.63442,43.93681],[-113.63631,43.93712],[-113.63699,43.93743],[-113.63775,43.93844],[-113.63835,43.93984],[-113.63871,43.94131],[-113.64106,43.94308],[-113.64161,43.9432],[-113.64289,43.94304],[-113.64411,43.94323],[-113.64529,43.9436],[-113.64641,43.9444],[-113.64848,43.94431],[-113.65072,43.94519],[-113.65559,43.94616]]},"properties":{"gnis_name":"Sharp Ditch","fcode":33600,"lengthkm":5.91083551}},{"type":"Feature","geometry":{"type":"LineString","coordinates":[[-112.96175,43.80389],[-112.95703,43.80045],[-112.95603,43.79834],[-112.95409,43.79675],[-112.95412,43.79547],[-112.95346,43.79425],[-112.95259,43.79367],[-112.95208,43.79295],[-112.95106,43.79281],[-112.94992,43.79213],[-112.94628,43.79285],[-112.94612,43.79271],[-112.94617,43.79113],[-112.94604,43.79099],[-112.94122,43.791],[-112.94109,43.78374],[-112.90657,43.78369],[-112.90644,43.78523],[-112.90525,43.78521]]},"properties":{"gnis_name":null,"fcode":33600,"lengthkm":6.4690943700000005}},{"type":"Feature","geometry":{"type":"LineString","coordinates":[[-112.92825,43.64747],[-112.92822,43.64749]]},"properties":{"gnis_name":null,"fcode":33600,"lengthkm":0.004}},{"type":"Feature","geometry":{"type":"LineString","coordinates":[[-113.42101,43.89663],[-113.42429,43.8979],[-113.42597,43.8989],[-113.42666,43.89914],[-113.42799,43.90003],[-113.42918,43.90049],[-113.42933,43.90085],[-113.43146,43.90174],[-113.43242,43.90198],[-113.43309,43.90266],[-113.43361,43.90284],[-113.43364,43.90311],[-113.43392,43.90331],[-113.43402,43.90389],[-113.43446,43.90389],[-113.43488,43.90417],[-113.43509,43.90468],[-113.43595,43.90549]]},"properties":{"gnis_name":"Fury Ditch","fcode":33600,"lengthkm":1.65323283}},{"type":"Feature","geometry":{"type":"LineString","coordinates":[[-113.41326,43.65274],[-113.41322,43.65248]]},"properties":{"gnis_name":"Moore Canal","fcode":33600,"lengthkm":0.02913313}},{"type":"Feature","geometry":{"type":"LineString","coordinates":[[-113.37311,43.59536],[-113.37294,43.59492],[-113.37491,43.59379],[-113.37583,43.59261],[-113.3758,43.59021]]},"properties":{"gnis_name":null,"fcode":33600,"lengthkm":0.6737899500000001}},{"type":"Feature","geometry":{"type":"LineString","coordinates":[[-112.91174,43.8317],[-112.90943,43.83094],[-112.90546,43.83006],[-112.90497,43.8297],[-112.90421,43.82944]]},"properties":{"gnis_name":null,"fcode":33600,"lengthkm":0.6636931100000001}},{"type":"Feature","geometry":{"type":"LineString","coordinates":[[-113.07066,43.87491],[-113.0689,43.87089],[-113.06827,43.87004]]},"properties":{"gnis_name":null,"fcode":33600,"lengthkm":0.57679007}},{"type":"Feature","geometry":{"type":"LineString","coordinates":[[-113.39538,43.88314],[-113.39686,43.88402],[-113.39755,43.88424],[-113.39743,43.88464],[-113.3979,43.8846],[-113.39869,43.88494],[-113.39908,43.88539],[-113.39938,43.88521],[-113.39984,43.88527],[-113.40082,43.88569]]},"properties":{"gnis_name":"Fury Ditch","fcode":33600,"lengthkm":0.60603666}},{"type":"Feature","geometry":{"type":"LineString","coordinates":[[-113.35881,43.79443],[-113.3582,43.7938],[-113.35713,43.79383],[-113.35674,43.79369],[-113.35666,43.79306],[-113.35701,43.79243],[-113.35564,43.792],[-113.35557,43.79183],[-113.356,43.79127],[-113.35598,43.791],[-113.35558,43.79058],[-113.35539,43.78991],[-113.3546,43.78914],[-113.35455,43.78856],[-113.35203,43.78572],[-113.35184,43.78544],[-113.35167,43.78438],[-113.35108,43.78406],[-113.35073,43.78346],[-113.35045,43.78321],[-113.35009,43.78315],[-113.34656,43.78315],[-113.34464,43.77929],[-113.33916,43.77104]]},"properties":{"gnis_name":"Burnett Ditch","fcode":33600,"lengthkm":3.3953534100000002}},{"type":"Feature","geometry":{"type":"LineString","coordinates":[[-113.35179,43.78175],[-113.35,43.78017],[-113.34637,43.77806],[-113.34509,43.77608],[-113.3437,43.77335],[-113.34324,43.77281],[-113.34245,43.77225],[-113.34074,43.77055],[-113.33889,43.76957]]},"properties":{"gnis_name":"East Side Ditch","fcode":33600,"lengthkm":1.7505183600000003}},{"type":"Feature","geometry":{"type":"LineString","coordinates":[[-113.80061,43.96762],[-113.79759,43.96815],[-113.79541,43.96912],[-113.79379,43.96936],[-113.78351,43.96941]]},"properties":{"gnis_name":null,"fcode":33600,"lengthkm":1.4224618800000002}},{"type":"Feature","geometry":{"type":"LineString","coordinates":[[-113.44747,43.92328],[-113.45065,43.9143]]},"properties":{"gnis_name":null,"fcode":33600,"lengthkm":1.03371004}},{"type":"Feature","geometry":{"type":"LineString","coordinates":[[-113.57969,43.96472],[-113.58061,43.96432],[-113.58138,43.96349],[-113.58178,43.96194],[-113.58175,43.96058],[-113.5821,43.95925],[-113.582,43.95909],[-113.58211,43.95806],[-113.58136,43.955]]},"properties":{"gnis_name":"Nielsen Ditch","fcode":33600,"lengthkm":1.1627424800000001}},{"type":"Feature","geometry":{"type":"LineString","coordinates":[[-113.47453,43.58289],[-113.47481,43.58314],[-113.47539,43.58456],[-113.47584,43.58481],[-113.47612,43.58458],[-113.47685,43.58474],[-113.47804,43.58457],[-113.4785,43.58429],[-113.47932,43.58409],[-113.47943,43.58392],[-113.47933,43.58358],[-113.48002,43.58322],[-113.48035,43.58321],[-113.4804,43.58305],[-113.48134,43.58284]]},"properties":{"gnis_name":null,"fcode":33600,"lengthkm":0.83878972}},{"type":"Feature","geometry":{"type":"LineString","coordinates":[[-112.93583,43.60977],[-112.93577,43.62354]]},"properties":{"gnis_name":null,"fcode":33600,"lengthkm":1.53703536}},{"type":"Feature","geometry":{"type":"LineString","coordinates":[[-113.92419,43.86916],[-113.92415,43.87005],[-113.92333,43.87168],[-113.92364,43.87421],[-113.92403,43.87492],[-113.92664,43.87778],[-113.92877,43.87951],[-113.92928,43.87976],[-113.9297,43.88043],[-113.92952,43.88058],[-113.9301,43.88102],[-113.93023,43.8813],[-113.93089,43.88167],[-113.93194,43.88302],[-113.93856,43.88614]]},"properties":{"gnis_name":null,"fcode":33600,"lengthkm":2.4387335599999997}},{"type":"Feature","geometry":{"type":"LineString","coordinates":[[-113.45191,43.8818],[-113.44625,43.88126],[-113.44421,43.88086],[-113.44352,43.88094],[-113.44005,43.88066],[-113.43743,43.88078],[-113.4343,43.88068]]},"properties":{"gnis_name":"Burnett Ditch","fcode":33600,"lengthkm":1.4372035}},{"type":"Feature","geometry":{"type":"LineString","coordinates":[[-113.30764,43.64393],[-113.30603,43.64307],[-113.30391,43.64162],[-113.30306,43.64131],[-113.30055,43.63957],[-113.2988,43.63868],[-113.29741,43.63754],[-113.29712,43.6369],[-113.29671,43.6365],[-113.29525,43.63611],[-113.29503,43.63592],[-113.29488,43.63539],[-113.29439,43.63495],[-113.29461,43.63403],[-113.29437,43.63364]]},"properties":{"gnis_name":"Arco Canal","fcode":33600,"lengthkm":1.65863976}},{"type":"Feature","geometry":{"type":"LineString","coordinates":[[-113.27329,43.62458],[-113.27168,43.62266],[-113.26933,43.62124]]},"properties":{"gnis_name":"Arco Canal","fcode":33600,"lengthkm":0.49846394}},{"type":"Feature","geometry":{"type":"LineString","coordinates":[[-113.66739,44.00367],[-113.66854,44.00428],[-113.66961,44.00548]]},"properties":{"gnis_name":null,"fcode":33600,"lengthkm":0.27834459}},{"type":"Feature","geometry":{"type":"LineString","coordinates":[[-113.81474,44.01999],[-113.8098,44.01994],[-113.8094,44.01691]]},"properties":{"gnis_name":null,"fcode":33600,"lengthkm":0.73532905}},{"type":"Feature","geometry":{"type":"LineString","coordinates":[[-113.27247,44.23223],[-113.27095,44.23208],[-113.27058,44.23122],[-113.26974,44.2303],[-113.26773,44.2292],[-113.26746,44.22858],[-113.26703,44.22817],[-113.26705,44.22794],[-113.26789,44.22717],[-113.2682,44.22621]]},"properties":{"gnis_name":null,"fcode":33600,"lengthkm":0.92523436}},{"type":"Feature","geometry":{"type":"LineString","coordinates":[[-112.9339,43.8365],[-112.93137,43.83636],[-112.92996,43.83645],[-112.92848,43.83614]]},"properties":{"gnis_name":null,"fcode":33600,"lengthkm":0.44553036}},{"type":"Feature","geometry":{"type":"LineString","coordinates":[[-112.98239,44.14566],[-112.98171,44.14742],[-112.98151,44.1476]]},"properties":{"gnis_name":null,"fcode":33600,"lengthkm":0.2318771}},{"type":"Feature","geometry":{"type":"LineString","coordinates":[[-113.33583,43.71451],[-113.3359,43.71444]]},"properties":{"gnis_name":null,"fcode":33600,"lengthkm":0.00945923}},{"type":"Feature","geometry":{"type":"LineString","coordinates":[[-113.78872,43.97668],[-113.78813,43.97666],[-113.78814,43.97464],[-113.78663,43.97464],[-113.78468,43.97467],[-113.78473,43.97675],[-113.77815,43.97673],[-113.77747,43.97606],[-113.77618,43.97573],[-113.7763,43.97306],[-113.77343,43.97305],[-113.77156,43.9727],[-113.76962,43.97189]]},"properties":{"gnis_name":null,"fcode":33600,"lengthkm":2.3728500799999996}},{"type":"Feature","geometry":{"type":"LineString","coordinates":[[-113.41132,43.84227],[-113.39631,43.84221]]},"properties":{"gnis_name":null,"fcode":33600,"lengthkm":1.2037636}},{"type":"Feature","geometry":{"type":"LineString","coordinates":[[-112.99985,43.79066],[-112.98675,43.79062]]},"properties":{"gnis_name":null,"fcode":33600,"lengthkm":1.0504366}},{"type":"Feature","geometry":{"type":"LineString","coordinates":[[-113.05666,43.8175],[-113.05375,43.8169],[-113.05241,43.81692],[-113.05158,43.81675],[-113.05039,43.81692],[-113.04214,43.81691]]},"properties":{"gnis_name":null,"fcode":33600,"lengthkm":1.17778175}},{"type":"Feature","geometry":{"type":"LineString","coordinates":[[-113.02679,43.87323],[-113.02262,43.87353]]},"properties":{"gnis_name":null,"fcode":33600,"lengthkm":0.336971}},{"type":"Feature","geometry":{"type":"LineString","coordinates":[[-112.9739,43.80914],[-112.97385,43.80583],[-112.96445,43.80577],[-112.96175,43.80389]]},"properties":{"gnis_name":null,"fcode":33600,"lengthkm":1.42576259}},{"type":"Feature","geometry":{"type":"LineString","coordinates":[[-112.92711,43.65723],[-112.92345,43.65747]]},"properties":{"gnis_name":null,"fcode":33600,"lengthkm":0.29576744}},{"type":"Feature","geometry":{"type":"LineString","coordinates":[[-112.91279,43.66487],[-112.91319,43.66649],[-112.91329,43.66839],[-112.91306,43.66897],[-112.9115,43.67035],[-112.90582,43.67457],[-112.9055,43.67498],[-112.90549,43.68084]]},"properties":{"gnis_name":null,"fcode":33600,"lengthkm":2.02336007}},{"type":"Feature","geometry":{"type":"LineString","coordinates":[[-113.36064,43.82822],[-113.35943,43.82678],[-113.35877,43.82494],[-113.35821,43.82402],[-113.35802,43.82317],[-113.35753,43.82251],[-113.35778,43.82135],[-113.35759,43.82041],[-113.35702,43.81935]]},"properties":{"gnis_name":"Burnett Ditch","fcode":33600,"lengthkm":1.06430154}},{"type":"Feature","geometry":{"type":"LineString","coordinates":[[-113.38097,43.65918],[-113.37644,43.65927],[-113.3762,43.65938],[-113.37619,43.65967],[-113.37344,43.66014],[-113.37305,43.66004],[-113.37042,43.66012],[-113.36961,43.6603],[-113.36849,43.6602],[-113.36468,43.66037],[-113.36308,43.66008]]},"properties":{"gnis_name":"Lower Blaine Canal","fcode":33600,"lengthkm":1.4986548700000002}},{"type":"Feature","geometry":{"type":"LineString","coordinates":[[-112.91956,44.16689],[-112.92024,44.16761]]},"properties":{"gnis_name":null,"fcode":33600,"lengthkm":0.09679197}},{"type":"Feature","geometry":{"type":"LineString","coordinates":[[-113.41067,43.65244],[-113.41105,43.65229],[-113.41095,43.65181],[-113.41245,43.65096],[-113.41288,43.65051]]},"properties":{"gnis_name":null,"fcode":33600,"lengthkm":0.30413531000000005}},{"type":"Feature","geometry":{"type":"LineString","coordinates":[[-113.47802,43.91642],[-113.47805,43.9166]]},"properties":{"gnis_name":null,"fcode":33600,"lengthkm":0.02128248}},{"type":"Feature","geometry":{"type":"LineString","coordinates":[[-113.07297,44.00551],[-113.07334,44.00559],[-113.07407,44.00529],[-113.07607,44.00487],[-113.077,44.00517],[-113.07776,44.00505],[-113.07853,44.00519],[-113.08044,44.0047],[-113.08153,44.00482],[-113.08288,44.00462],[-113.08399,44.0049]]},"properties":{"gnis_name":null,"fcode":33600,"lengthkm":0.9408620200000001}},{"type":"Feature","geometry":{"type":"LineString","coordinates":[[-113.37586,43.75194],[-113.37124,43.74405],[-113.37121,43.73886],[-113.37013,43.73843],[-113.37017,43.73706],[-113.3699,43.73665],[-113.36986,43.73376]]},"properties":{"gnis_name":null,"fcode":33600,"lengthkm":2.1636857600000003}},{"type":"Feature","geometry":{"type":"LineString","coordinates":[[-113.49472,43.90706],[-113.49434,43.90725],[-113.49334,43.90688]]},"properties":{"gnis_name":"Burnett Ditch","fcode":33600,"lengthkm":0.12822323000000002}},{"type":"Feature","geometry":{"type":"LineString","coordinates":[[-112.92444,43.65267],[-112.92345,43.65747]]},"properties":{"gnis_name":null,"fcode":33600,"lengthkm":0.541}},{"type":"Feature","geometry":{"type":"LineString","coordinates":[[-113.8723,44.07754],[-113.87276,44.07647],[-113.87284,44.07408],[-113.87269,44.07062]]},"properties":{"gnis_name":null,"fcode":33600,"lengthkm":0.7784001800000001}},{"type":"Feature","geometry":{"type":"LineString","coordinates":[[-113.01401,43.85908],[-113.01304,43.85857]]},"properties":{"gnis_name":null,"fcode":33600,"lengthkm":0.09692431}},{"type":"Feature","geometry":{"type":"LineString","coordinates":[[-112.98684,44.1404],[-112.98713,44.14039],[-112.98738,44.14063],[-112.98724,44.14104],[-112.98616,44.14169],[-112.98567,44.14258],[-112.98523,44.14296],[-112.98336,44.14426],[-112.98312,44.14482],[-112.9826,44.14523],[-112.98239,44.14566]]},"properties":{"gnis_name":null,"fcode":33600,"lengthkm":0.76734916}},{"type":"Feature","geometry":{"type":"LineString","coordinates":[[-113.873,44.13737],[-113.87372,44.13725],[-113.87406,44.13765]]},"properties":{"gnis_name":null,"fcode":33600,"lengthkm":0.1112819}},{"type":"Feature","geometry":{"type":"LineString","coordinates":[[-113.62371,43.95429],[-113.62314,43.95371]]},"properties":{"gnis_name":null,"fcode":33600,"lengthkm":0.08094326}},{"type":"Feature","geometry":{"type":"LineString","coordinates":[[-113.28948,43.63007],[-113.28768,43.62872],[-113.28567,43.62808],[-113.28464,43.62818],[-113.28432,43.62808]]},"properties":{"gnis_name":"Arco Canal","fcode":33600,"lengthkm":0.49976381000000003}},{"type":"Feature","geometry":{"type":"LineString","coordinates":[[-113.57372,43.51613],[-113.5728,43.51572],[-113.57177,43.51549],[-113.57133,43.5151],[-113.57086,43.51493],[-113.57041,43.51446]]},"properties":{"gnis_name":null,"fcode":33600,"lengthkm":0.33789773}},{"type":"Feature","geometry":{"type":"LineString","coordinates":[[-113.34888,43.69619],[-113.34622,43.69618],[-113.34617,43.68899],[-113.33938,43.68897]]},"properties":{"gnis_name":null,"fcode":33600,"lengthkm":1.56077753}},{"type":"Feature","geometry":{"type":"LineString","coordinates":[[-113.30257,43.60058],[-113.30167,43.6],[-113.30185,43.59935],[-113.3015,43.59882],[-113.30014,43.5983],[-113.29904,43.59845],[-113.29767,43.59782],[-113.29739,43.59721],[-113.29668,43.59649],[-113.29692,43.59609],[-113.29679,43.59556],[-113.29611,43.59527],[-113.295,43.59538],[-113.29477,43.59525],[-113.29441,43.59477],[-113.2939,43.59444],[-113.29409,43.59394],[-113.29309,43.59274],[-113.29249,43.59246],[-113.29219,43.59207],[-113.29105,43.59195],[-113.28993,43.59127],[-113.28993,43.588],[-113.28676,43.58793],[-113.28651,43.58769],[-113.28648,43.58616],[-113.28635,43.58613],[-113.28015,43.58552],[-113.27739,43.58564],[-113.27684,43.58478],[-113.27679,43.58154]]},"properties":{"gnis_name":null,"fcode":33600,"lengthkm":3.74184425}},{"type":"Feature","geometry":{"type":"LineString","coordinates":[[-113.05359,43.84481],[-113.05083,43.84193],[-113.0442,43.84195],[-113.04184,43.84181],[-113.04141,43.84159],[-113.0406,43.84163]]},"properties":{"gnis_name":null,"fcode":33600,"lengthkm":1.2186622699999998}},{"type":"Feature","geometry":{"type":"LineString","coordinates":[[-112.95736,43.8428],[-112.9537,43.84217],[-112.94965,43.84215],[-112.94766,43.84228],[-112.94339,43.84307],[-112.94165,43.84318]]},"properties":{"gnis_name":null,"fcode":33600,"lengthkm":1.28714294}},{"type":"Feature","geometry":{"type":"LineString","coordinates":[[-113.94511,43.5275],[-113.94615,43.52665],[-113.94723,43.52604],[-113.94897,43.52571],[-113.94961,43.52522],[-113.95015,43.52449],[-113.95113,43.52417],[-113.95172,43.52358],[-113.95359,43.5224],[-113.95449,43.52153],[-113.95505,43.52134],[-113.95549,43.52088],[-113.95703,43.52028],[-113.95828,43.51915],[-113.9596,43.51858],[-113.9604,43.51863],[-113.96127,43.51896],[-113.96111,43.51814],[-113.96131,43.51802],[-113.96175,43.51809],[-113.96286,43.51742],[-113.96377,43.51776],[-113.9643,43.51753],[-113.96464,43.51782],[-113.96534,43.51741],[-113.96571,43.51795],[-113.96745,43.51747],[-113.96815,43.51755],[-113.9688,43.51786],[-113.96967,43.5178],[-113.97055,43.518],[-113.97375,43.5175],[-113.97485,43.51836],[-113.9759,43.51879],[-113.97657,43.51858],[-113.97697,43.51803],[-113.97737,43.51786],[-113.97804,43.51778],[-113.97873,43.518],[-113.97997,43.5174],[-113.9804,43.51735],[-113.98084,43.51755],[-113.98165,43.51734],[-113.98218,43.51754],[-113.98259,43.51842],[-113.98356,43.5181],[-113.98368,43.51816],[-113.98372,43.51875],[-113.98438,43.51892],[-113.98484,43.51878],[-113.98566,43.51794],[-113.9863,43.51794],[-113.98645,43.51844],[-113.98599,43.51879],[-113.98591,43.51891],[-113.98604,43.51902],[-113.98645,43.51899],[-113.98823,43.51807],[-113.98915,43.51789],[-113.98961,43.51811],[-113.98984,43.51848],[-113.99004,43.51961],[-113.99029,43.5203],[-113.99058,43.52061],[-113.99114,43.52048],[-113.992,43.51962],[-113.99297,43.5192],[-113.99388,43.51968],[-113.99494,43.52056],[-113.9954,43.52019],[-113.99581,43.51927],[-113.99746,43.52001],[-113.99783,43.51923],[-113.99798,43.51842],[-113.99962,43.51802],[-114.00002,43.51773],[-114.0002,43.51949],[-114.00039,43.51959],[-114.00088,43.51948],[-114.00146,43.52104],[-114.00185,43.52053],[-114.00219,43.51969],[-114.0023,43.51881],[-114.00281,43.51837],[-114.00308,43.51743],[-114.00344,43.51717],[-114.00385,43.51647],[-114.00414,43.51527],[-114.00493,43.51448],[-114.00518,43.51385]]},"properties":{"gnis_name":null,"fcode":33600,"lengthkm":7.71179017}},{"type":"Feature","geometry":{"type":"LineString","coordinates":[[-113.35471,43.78414],[-113.35179,43.78175]]},"properties":{"gnis_name":"East Side Ditch","fcode":33600,"lengthkm":0.35507369000000005}},{"type":"Feature","geometry":{"type":"LineString","coordinates":[[-113.89216,44.07618],[-113.88899,44.07725]]},"properties":{"gnis_name":"Chilly Canal","fcode":33600,"lengthkm":0.28109097000000005}},{"type":"Feature","geometry":{"type":"LineString","coordinates":[[-113.43627,43.6319],[-113.43639,43.63187]]},"properties":{"gnis_name":"Blaine Canal","fcode":33600,"lengthkm":0.009723250000000001}},{"type":"Feature","geometry":{"type":"LineString","coordinates":[[-113.00295,43.83493],[-112.99403,43.83496]]},"properties":{"gnis_name":null,"fcode":33600,"lengthkm":0.71516632}},{"type":"Feature","geometry":{"type":"LineString","coordinates":[[-113.89917,44.07308],[-113.8985,44.07373],[-113.89759,44.07521],[-113.89744,44.076],[-113.89662,44.07777],[-113.89592,44.08037],[-113.89515,44.0812],[-113.89406,44.08149],[-113.89408,44.08263]]},"properties":{"gnis_name":null,"fcode":33600,"lengthkm":1.2091421500000001}},{"type":"Feature","geometry":{"type":"LineString","coordinates":[[-112.93577,43.62354],[-112.9334,43.62354]]},"properties":{"gnis_name":null,"fcode":33600,"lengthkm":0.191}},{"type":"Feature","geometry":{"type":"LineString","coordinates":[[-113.35607,43.68171],[-113.35597,43.6779]]},"properties":{"gnis_name":null,"fcode":33600,"lengthkm":0.42554586000000005}},{"type":"Feature","geometry":{"type":"LineString","coordinates":[[-113.48214,43.91706],[-113.48151,43.91682]]},"properties":{"gnis_name":null,"fcode":33600,"lengthkm":0.05816176000000001}},{"type":"Feature","geometry":{"type":"LineString","coordinates":[[-113.56592,43.94155],[-113.56429,43.94171],[-113.56285,43.94145],[-113.56268,43.9413],[-113.56261,43.94082],[-113.56306,43.93981],[-113.56314,43.93845],[-113.56272,43.93676],[-113.56272,43.9359],[-113.56239,43.93524],[-113.56132,43.93426],[-113.56115,43.93383],[-113.56051,43.93311],[-113.56021,43.93299]]},"properties":{"gnis_name":"Hanson Ditch","fcode":33600,"lengthkm":1.27944859}},{"type":"Feature","geometry":{"type":"LineString","coordinates":[[-113.50594,43.58177],[-113.50674,43.58204],[-113.50822,43.58192],[-113.51011,43.58083],[-113.51035,43.58084],[-113.51067,43.58028],[-113.51069,43.57944],[-113.5111,43.57897],[-113.5111,43.57855],[-113.5115,43.57812],[-113.51167,43.57745],[-113.51184,43.57727],[-113.51211,43.57737],[-113.51203,43.57711],[-113.51241,43.57698],[-113.51305,43.5761],[-113.51296,43.57585],[-113.51327,43.57521],[-113.51317,43.57498],[-113.51329,43.5742],[-113.51349,43.57415],[-113.51362,43.57388],[-113.51339,43.57363],[-113.51379,43.57298],[-113.51428,43.57262],[-113.51449,43.57213],[-113.51446,43.57156],[-113.51478,43.57121],[-113.51468,43.56895],[-113.51869,43.56563],[-113.51944,43.56524],[-113.52099,43.56488],[-113.52146,43.56444],[-113.52235,43.56403],[-113.52369,43.56192],[-113.52433,43.56156],[-113.52458,43.56114],[-113.52461,43.56011],[-113.52444,43.55939],[-113.52419,43.55911],[-113.5246,43.55832],[-113.52465,43.55767],[-113.5245,43.55738],[-113.52538,43.55672],[-113.52614,43.55665],[-113.5274,43.55703],[-113.52888,43.5571],[-113.53098,43.55685],[-113.53109,43.55635],[-113.53124,43.55628],[-113.5316,43.55651],[-113.5315,43.55765],[-113.53216,43.55809],[-113.53271,43.55825],[-113.53409,43.55817],[-113.53446,43.55802],[-113.5346,43.55794],[-113.53468,43.55732],[-113.53515,43.55717],[-113.53569,43.55741],[-113.53574,43.5579],[-113.53551,43.55838],[-113.53571,43.55877],[-113.53778,43.55942],[-113.54029,43.56052],[-113.54151,43.56076],[-113.54298,43.56061],[-113.54317,43.56046],[-113.54334,43.55944],[-113.54351,43.55931],[-113.544,43.55923],[-113.54449,43.55936],[-113.54495,43.55909],[-113.54608,43.5588],[-113.54726,43.55877],[-113.54969,43.55961],[-113.55028,43.56003],[-113.55093,43.5599],[-113.55169,43.56026],[-113.55323,43.56034],[-113.55427,43.56037],[-113.55517,43.56019],[-113.55683,43.5603],[-113.55999,43.56102],[-113.56087,43.56149],[-113.56058,43.56206],[-113.56064,43.56223]]},"properties":{"gnis_name":null,"fcode":33600,"lengthkm":7.4324611}},{"type":"Feature","geometry":{"type":"LineString","coordinates":[[-113.40142,43.64426],[-113.40141,43.64236],[-113.40176,43.64201],[-113.40173,43.64178],[-113.40493,43.63861],[-113.40693,43.63573],[-113.40706,43.63463],[-113.40673,43.63336]]},"properties":{"gnis_name":null,"fcode":33600,"lengthkm":1.35407242}},{"type":"Feature","geometry":{"type":"LineString","coordinates":[[-113.82772,44.02435],[-113.8272,44.02413]]},"properties":{"gnis_name":null,"fcode":33600,"lengthkm":0.04896627}},{"type":"Feature","geometry":{"type":"LineString","coordinates":[[-113.42287,43.84208],[-113.42109,43.84226],[-113.41132,43.84227]]},"properties":{"gnis_name":null,"fcode":33600,"lengthkm":0.92689315}},{"type":"Feature","geometry":{"type":"LineString","coordinates":[[-113.00373,43.83495],[-113.00295,43.83493]]},"properties":{"gnis_name":null,"fcode":33600,"lengthkm":0.062}},{"type":"Feature","geometry":{"type":"LineString","coordinates":[[-113.44645,43.85673],[-113.44546,43.85688],[-113.44462,43.85721],[-113.44327,43.85712],[-113.44261,43.85691],[-113.44237,43.85705],[-113.43981,43.85686],[-113.43945,43.85699],[-113.43775,43.85602],[-113.43706,43.85531],[-113.43654,43.85376],[-113.43562,43.85433],[-113.43496,43.85449],[-113.43225,43.85376],[-113.43084,43.8542],[-113.42857,43.85365],[-113.42138,43.85377],[-113.42127,43.85387],[-113.42127,43.85709],[-113.42145,43.85794],[-113.42146,43.85937],[-113.41879,43.85943],[-113.41877,43.86106],[-113.4156,43.8635],[-113.41348,43.8637],[-113.41168,43.86308],[-113.40957,43.86297],[-113.40802,43.86262],[-113.40467,43.86116],[-113.40367,43.86022],[-113.40215,43.85797],[-113.40157,43.85754],[-113.40118,43.85701],[-113.40016,43.85622],[-113.39848,43.85567],[-113.39778,43.85479],[-113.39706,43.85349],[-113.39593,43.85254],[-113.39554,43.85201],[-113.39552,43.84985],[-113.39352,43.84989],[-113.39299,43.8495],[-113.39239,43.84826],[-113.39215,43.84727],[-113.39177,43.84707],[-113.39097,43.84582],[-113.38883,43.84484],[-113.38794,43.84384],[-113.38721,43.84365],[-113.38601,43.8427],[-113.38556,43.84247],[-113.38504,43.84246],[-113.38253,43.83969],[-113.38047,43.83837],[-113.37893,43.8378],[-113.37882,43.83755],[-113.37833,43.83734],[-113.37819,43.83704],[-113.37796,43.83702],[-113.37765,43.83622],[-113.37713,43.83556],[-113.37586,43.83467]]},"properties":{"gnis_name":"Beck and Evan Ditch","fcode":33600,"lengthkm":8.711782640000001}},{"type":"Feature","geometry":{"type":"LineString","coordinates":[[-113.32799,43.74358],[-113.32708,43.74113],[-113.3265,43.73875]]},"properties":{"gnis_name":"East Side Ditch","fcode":33600,"lengthkm":0.5533788900000001}},{"type":"Feature","geometry":{"type":"LineString","coordinates":[[-113.35552,43.67443],[-113.35196,43.67449],[-113.35079,43.67427]]},"properties":{"gnis_name":null,"fcode":33600,"lengthkm":0.38737603000000004}},{"type":"Feature","geometry":{"type":"LineString","coordinates":[[-113.41559,43.59482],[-113.37476,43.59491],[-113.37466,43.59512],[-113.37311,43.59536]]},"properties":{"gnis_name":null,"fcode":33600,"lengthkm":3.4355566700000004}},{"type":"Feature","geometry":{"type":"LineString","coordinates":[[-112.90666,43.6521],[-112.90943,43.6521]]},"properties":{"gnis_name":null,"fcode":33600,"lengthkm":0.22247224000000002}},{"type":"Feature","geometry":{"type":"LineString","coordinates":[[-113.34003,43.67808],[-113.34615,43.67805],[-113.34622,43.68171],[-113.35607,43.68171]]},"properties":{"gnis_name":null,"fcode":33600,"lengthkm":1.6922277000000001}},{"type":"Feature","geometry":{"type":"LineString","coordinates":[[-113.48151,43.91682],[-113.48137,43.91602],[-113.47805,43.91631]]},"properties":{"gnis_name":null,"fcode":33600,"lengthkm":0.35814004000000005}},{"type":"Feature","geometry":{"type":"LineString","coordinates":[[-112.94397,43.57286],[-112.94396,43.57343]]},"properties":{"gnis_name":null,"fcode":33600,"lengthkm":0.06363856000000001}},{"type":"Feature","geometry":{"type":"LineString","coordinates":[[-113.45065,43.9143],[-113.4564,43.89795],[-113.45767,43.89581],[-113.45756,43.89515],[-113.45766,43.89393],[-113.45751,43.89337]]},"properties":{"gnis_name":null,"fcode":33600,"lengthkm":2.41581767}},{"type":"Feature","geometry":{"type":"LineString","coordinates":[[-113.00925,43.54955],[-113.00752,43.55212],[-113.0042,43.55473],[-113.00085,43.55767],[-112.99026,43.56976],[-112.98809,43.57343],[-112.9836,43.57473],[-112.97573,43.58018],[-112.9713,43.58217]]},"properties":{"gnis_name":null,"fcode":33600,"lengthkm":4.86630282}},{"type":"Feature","geometry":{"type":"LineString","coordinates":[[-112.91748,43.63761],[-112.93073,43.63761]]},"properties":{"gnis_name":null,"fcode":33600,"lengthkm":1.06408192}},{"type":"Feature","geometry":{"type":"LineString","coordinates":[[-112.94165,43.84318],[-112.94128,43.84326]]},"properties":{"gnis_name":null,"fcode":33600,"lengthkm":0.03062625}},{"type":"Feature","geometry":{"type":"LineString","coordinates":[[-112.93572,43.6259],[-112.93571,43.62665]]},"properties":{"gnis_name":null,"fcode":33600,"lengthkm":0.084}},{"type":"Feature","geometry":{"type":"LineString","coordinates":[[-113.3733,43.78715],[-113.3679,43.78718],[-113.36806,43.78655],[-113.36747,43.78542],[-113.36537,43.78425],[-113.36448,43.7841],[-113.36402,43.78353],[-113.36373,43.7834],[-113.36352,43.78262],[-113.36307,43.78211],[-113.3631,43.78182],[-113.36373,43.78104],[-113.36384,43.78068],[-113.36349,43.78023],[-113.36271,43.77968]]},"properties":{"gnis_name":null,"fcode":33600,"lengthkm":1.50757387}},{"type":"Feature","geometry":{"type":"LineString","coordinates":[[-113.3772,43.71082],[-113.37625,43.71081],[-113.37637,43.69618],[-113.38814,43.69621]]},"properties":{"gnis_name":null,"fcode":33600,"lengthkm":2.6541108700000002}},{"type":"Feature","geometry":{"type":"LineString","coordinates":[[-113.44745,43.7845],[-113.44659,43.7843]]},"properties":{"gnis_name":"Darlington Ditch","fcode":33600,"lengthkm":0.07528967}},{"type":"Feature","geometry":{"type":"LineString","coordinates":[[-113.37291,43.68894],[-113.37616,43.68893]]},"properties":{"gnis_name":null,"fcode":33600,"lengthkm":0.26078248}},{"type":"Feature","geometry":{"type":"LineString","coordinates":[[-113.37157,43.68895],[-113.3716,43.68168]]},"properties":{"gnis_name":null,"fcode":33600,"lengthkm":0.8118475}},{"type":"Feature","geometry":{"type":"LineString","coordinates":[[-113.41326,43.65274],[-113.40856,43.65275]]},"properties":{"gnis_name":"Lower Blaine Canal","fcode":33600,"lengthkm":0.37840576000000004}},{"type":"Feature","geometry":{"type":"LineString","coordinates":[[-113.59616,43.96161],[-113.59476,43.96178],[-113.59251,43.96122],[-113.59201,43.96134],[-113.59163,43.96043],[-113.59076,43.95937],[-113.58952,43.95838],[-113.58859,43.95787],[-113.58818,43.95736],[-113.58468,43.95549],[-113.58285,43.95501],[-113.58151,43.95493]]},"properties":{"gnis_name":"Lower Cedar Creek Ditch","fcode":33600,"lengthkm":1.52616777}},{"type":"Feature","geometry":{"type":"LineString","coordinates":[[-113.01363,43.84331],[-113.01298,43.84297],[-113.01282,43.84237],[-112.99419,43.84233],[-112.99418,43.84206]]},"properties":{"gnis_name":null,"fcode":33600,"lengthkm":1.65695823}},{"type":"Feature","geometry":{"type":"LineString","coordinates":[[-113.00401,43.84197],[-112.99418,43.84206]]},"properties":{"gnis_name":null,"fcode":33600,"lengthkm":0.78726838}},{"type":"Feature","geometry":{"type":"LineString","coordinates":[[-113.691,44.22669],[-113.69063,44.22736],[-113.69056,44.22807],[-113.68993,44.22879],[-113.68907,44.23019],[-113.68511,44.23381],[-113.68365,44.23469],[-113.68307,44.23524],[-113.68257,44.23639],[-113.68201,44.23841],[-113.68141,44.23975],[-113.68044,44.24072],[-113.67878,44.24335],[-113.67745,44.24417],[-113.67689,44.24545],[-113.67496,44.2481],[-113.6735,44.25315],[-113.67294,44.25412],[-113.6728,44.25502],[-113.67237,44.2556],[-113.67203,44.25715],[-113.6718,44.25747],[-113.672,44.25829],[-113.67192,44.25863],[-113.67057,44.26076],[-113.66889,44.26285],[-113.66726,44.26527],[-113.66517,44.26889],[-113.66427,44.26991],[-113.66278,44.27369],[-113.66225,44.27453],[-113.66085,44.27647],[-113.6583,44.2794],[-113.65631,44.28205],[-113.65354,44.28461]]},"properties":{"gnis_name":null,"fcode":33600,"lengthkm":7.25999614}},{"type":"Feature","geometry":{"type":"LineString","coordinates":[[-112.91552,43.63761],[-112.91748,43.63761]]},"properties":{"gnis_name":null,"fcode":33600,"lengthkm":0.158}},{"type":"Feature","geometry":{"type":"LineString","coordinates":[[-113.3359,43.76562],[-113.33359,43.76366],[-113.33266,43.76257],[-113.33157,43.76161],[-113.33097,43.76064],[-113.33069,43.75823],[-113.33034,43.75695],[-113.33041,43.75281],[-113.32905,43.7504]]},"properties":{"gnis_name":"East Side Ditch","fcode":33600,"lengthkm":1.85602781}},{"type":"Feature","geometry":{"type":"LineString","coordinates":[[-113.35597,43.6779],[-113.35605,43.6748],[-113.35569,43.67471],[-113.35552,43.67443]]},"properties":{"gnis_name":null,"fcode":33600,"lengthkm":0.4116883}},{"type":"Feature","geometry":{"type":"LineString","coordinates":[[-113.67723,44.00292],[-113.68042,44.00288],[-113.68064,44.003]]},"properties":{"gnis_name":null,"fcode":33600,"lengthkm":0.27693858000000005}},{"type":"Feature","geometry":{"type":"LineString","coordinates":[[-113.07557,43.85636],[-113.06509,43.8564]]},"properties":{"gnis_name":null,"fcode":33600,"lengthkm":0.83974052}},{"type":"Feature","geometry":{"type":"LineString","coordinates":[[-112.95615,43.68247],[-112.95552,43.68206],[-112.95533,43.68165],[-112.95541,43.68103],[-112.95583,43.67997],[-112.95552,43.67944],[-112.95488,43.67942]]},"properties":{"gnis_name":null,"fcode":33600,"lengthkm":0.43344535}},{"type":"Feature","geometry":{"type":"LineString","coordinates":[[-113.45777,43.86509],[-113.45752,43.86502]]},"properties":{"gnis_name":"Angelo Ditch","fcode":33600,"lengthkm":0.02214334}},{"type":"Feature","geometry":{"type":"LineString","coordinates":[[-113.44658,43.78428],[-113.44593,43.78431]]},"properties":{"gnis_name":"Darlington Ditch","fcode":33600,"lengthkm":0.05437911}},{"type":"Feature","geometry":{"type":"LineString","coordinates":[[-113.5783,43.91078],[-113.57819,43.90944]]},"properties":{"gnis_name":"Nielsen Ditch","fcode":33600,"lengthkm":0.14998062}},{"type":"Feature","geometry":{"type":"LineString","coordinates":[[-112.95838,43.58796],[-112.94799,43.59254],[-112.94645,43.59308],[-112.94588,43.59404],[-112.94518,43.59916],[-112.94494,43.59977],[-112.94224,43.6032],[-112.938,43.60674]]},"properties":{"gnis_name":null,"fcode":33600,"lengthkm":2.84143781}},{"type":"Feature","geometry":{"type":"LineString","coordinates":[[-113.085,43.86862],[-113.08479,43.86714],[-113.08525,43.86563],[-113.08522,43.86507]]},"properties":{"gnis_name":null,"fcode":33600,"lengthkm":0.40287147000000006}},{"type":"Feature","geometry":{"type":"LineString","coordinates":[[-112.92786,43.68107],[-112.93542,43.68108],[-112.93551,43.68313]]},"properties":{"gnis_name":null,"fcode":33600,"lengthkm":0.83778934}},{"type":"Feature","geometry":{"type":"LineString","coordinates":[[-113.66739,44.00367],[-113.6676,44.00305],[-113.66785,44.00288],[-113.67104,44.00287],[-113.67224,44.00153],[-113.67302,43.99929],[-113.67346,43.99901],[-113.67762,43.99263],[-113.67763,43.99195],[-113.66769,43.99215],[-113.66759,43.99101]]},"properties":{"gnis_name":null,"fcode":33600,"lengthkm":2.63812666}},{"type":"Feature","geometry":{"type":"LineString","coordinates":[[-113.45784,43.60348],[-113.43701,43.6031]]},"properties":{"gnis_name":null,"fcode":33600,"lengthkm":1.67537921}},{"type":"Feature","geometry":{"type":"LineString","coordinates":[[-113.20164,43.92871],[-113.20089,43.9289],[-113.1993,43.92863],[-113.19823,43.92887],[-113.19734,43.92871]]},"properties":{"gnis_name":null,"fcode":33600,"lengthkm":0.36386033}},{"type":"Feature","geometry":{"type":"LineString","coordinates":[[-113.25096,44.12786],[-113.25139,44.12825],[-113.25242,44.12808],[-113.25401,44.12847],[-113.25437,44.12881]]},"properties":{"gnis_name":null,"fcode":33600,"lengthkm":0.32550811}},{"type":"Feature","geometry":{"type":"LineString","coordinates":[[-112.98387,43.84204],[-112.98386,43.83498]]},"properties":{"gnis_name":null,"fcode":33600,"lengthkm":0.7877722300000001}},{"type":"Feature","geometry":{"type":"LineString","coordinates":[[-113.01374,43.85669],[-113.01375,43.84334]]},"properties":{"gnis_name":null,"fcode":33600,"lengthkm":1.4891636400000001}},{"type":"Feature","geometry":{"type":"LineString","coordinates":[[-112.95923,43.81284],[-112.95416,43.81284]]},"properties":{"gnis_name":null,"fcode":33600,"lengthkm":0.406}},{"type":"Feature","geometry":{"type":"LineString","coordinates":[[-112.93568,43.6306],[-112.93568,43.63111]]},"properties":{"gnis_name":null,"fcode":33600,"lengthkm":0.056}},{"type":"Feature","geometry":{"type":"LineString","coordinates":[[-113.26933,43.62124],[-113.26996,43.62035],[-113.26931,43.61984],[-113.26924,43.6196],[-113.27006,43.61829],[-113.27005,43.61795],[-113.26878,43.61753],[-113.26859,43.61673],[-113.26834,43.61645],[-113.26534,43.61644]]},"properties":{"gnis_name":"Arco Canal","fcode":33600,"lengthkm":0.9106069400000001}},{"type":"Feature","geometry":{"type":"LineString","coordinates":[[-113.43733,43.90574],[-113.43838,43.9056],[-113.44003,43.90573],[-113.44183,43.90621],[-113.44349,43.90628],[-113.44713,43.90607]]},"properties":{"gnis_name":"Fury Ditch","fcode":33600,"lengthkm":0.81167062}},{"type":"Feature","geometry":{"type":"LineString","coordinates":[[-112.92081,43.8329],[-112.91496,43.82973],[-112.91471,43.82944],[-112.91448,43.82759]]},"properties":{"gnis_name":null,"fcode":33600,"lengthkm":0.8349380900000001}},{"type":"Feature","geometry":{"type":"LineString","coordinates":[[-113.40641,43.79908],[-113.40456,43.79841],[-113.40395,43.79858],[-113.40349,43.7983],[-113.40212,43.79819],[-113.40143,43.79742],[-113.40055,43.79695],[-113.40001,43.79606],[-113.39896,43.7955],[-113.39815,43.79531],[-113.39526,43.79101],[-113.38974,43.78183],[-113.38909,43.78046],[-113.38931,43.7801],[-113.38946,43.77899],[-113.39108,43.77845],[-113.39055,43.7775],[-113.39095,43.77708],[-113.39215,43.77634],[-113.39816,43.77582]]},"properties":{"gnis_name":"Three in One Ditch","fcode":33600,"lengthkm":3.77743946}},{"type":"Feature","geometry":{"type":"LineString","coordinates":[[-113.49272,43.91738],[-113.49175,43.91801],[-113.49091,43.91832],[-113.48878,43.91831],[-113.48803,43.91818],[-113.48431,43.91679],[-113.48214,43.91706]]},"properties":{"gnis_name":"Hanson Ditch","fcode":33600,"lengthkm":0.92900802}},{"type":"Feature","geometry":{"type":"LineString","coordinates":[[-113.33199,43.72058],[-113.33208,43.71946],[-113.33153,43.7182]]},"properties":{"gnis_name":"East Side Ditch","fcode":33600,"lengthkm":0.2755656}},{"type":"Feature","geometry":{"type":"LineString","coordinates":[[-113.05695,43.87186],[-113.05614,43.87189],[-113.05392,43.871],[-113.05071,43.87077]]},"properties":{"gnis_name":null,"fcode":33600,"lengthkm":0.53193696}},{"type":"Feature","geometry":{"type":"LineString","coordinates":[[-113.41201,43.89277],[-113.4123,43.89253]]},"properties":{"gnis_name":"Fury Ditch","fcode":33600,"lengthkm":0.03545339}},{"type":"Feature","geometry":{"type":"LineString","coordinates":[[-113.00401,43.54037],[-113.00369,43.54152],[-113.00381,43.54198],[-113.0068,43.54743],[-113.00756,43.54832]]},"properties":{"gnis_name":null,"fcode":33600,"lengthkm":0.9544195400000001}},{"type":"Feature","geometry":{"type":"LineString","coordinates":[[-113.26412,43.60412],[-113.26324,43.60434],[-113.26114,43.60611]]},"properties":{"gnis_name":null,"fcode":33600,"lengthkm":0.33662661}},{"type":"Feature","geometry":{"type":"LineString","coordinates":[[-113.35702,43.81935],[-113.35736,43.81871],[-113.35718,43.81746],[-113.3575,43.81696],[-113.35762,43.81589],[-113.35789,43.81538],[-113.35783,43.81508],[-113.35742,43.81465],[-113.35777,43.81433],[-113.35776,43.81336],[-113.35798,43.81267],[-113.35761,43.81209],[-113.35772,43.81132],[-113.35742,43.80972],[-113.35746,43.80888],[-113.35714,43.80816],[-113.35683,43.80802],[-113.35656,43.8074],[-113.35639,43.80605],[-113.35568,43.80475],[-113.3571,43.80394],[-113.3604,43.80285]]},"properties":{"gnis_name":"Burnett Ditch","fcode":33600,"lengthkm":2.1699018800000003}},{"type":"Feature","geometry":{"type":"LineString","coordinates":[[-113.47087,43.91243],[-113.471,43.91302],[-113.47149,43.91357],[-113.47501,43.91482],[-113.4757,43.91526],[-113.47752,43.91579],[-113.47802,43.91642]]},"properties":{"gnis_name":null,"fcode":33600,"lengthkm":0.7766001800000001}},{"type":"Feature","geometry":{"type":"LineString","coordinates":[[-113.44324,43.84667],[-113.44279,43.84633],[-113.44193,43.84405],[-113.44002,43.8417],[-113.43996,43.84133],[-113.44018,43.84027],[-113.44004,43.83942],[-113.43982,43.83922],[-113.43901,43.83905],[-113.43811,43.83835]]},"properties":{"gnis_name":null,"fcode":33600,"lengthkm":1.0854712199999998}},{"type":"Feature","geometry":{"type":"LineString","coordinates":[[-113.3649,43.7345],[-113.36534,43.73366],[-113.36576,43.73328],[-113.36709,43.73283],[-113.3695,43.73108],[-113.37206,43.7296],[-113.37238,43.72913],[-113.37218,43.72648],[-113.37244,43.72509],[-113.372,43.72316],[-113.37117,43.72179],[-113.37102,43.71621],[-113.37171,43.71537],[-113.37181,43.71406],[-113.37305,43.71222],[-113.3731,43.71156],[-113.37251,43.71097],[-113.37261,43.7099],[-113.37347,43.70768],[-113.374,43.70498],[-113.37425,43.70309],[-113.37412,43.70185],[-113.37475,43.70055],[-113.37488,43.69987],[-113.37519,43.69965],[-113.37612,43.69809],[-113.3762,43.69351],[-113.37609,43.69267],[-113.37125,43.69262],[-113.37124,43.68909],[-113.37157,43.68895]]},"properties":{"gnis_name":null,"fcode":33600,"lengthkm":5.89450139}},{"type":"Feature","geometry":{"type":"LineString","coordinates":[[-112.91465,43.63952],[-112.91471,43.64563]]},"properties":{"gnis_name":null,"fcode":33600,"lengthkm":0.682}},{"type":"Feature","geometry":{"type":"LineString","coordinates":[[-113.44577,43.92729],[-113.44571,43.92697],[-113.44628,43.92589],[-113.44672,43.92389],[-113.44706,43.92343],[-113.44747,43.92328]]},"properties":{"gnis_name":null,"fcode":33600,"lengthkm":0.48736896}},{"type":"Feature","geometry":{"type":"LineString","coordinates":[[-113.31619,43.58792],[-113.30776,43.58798]]},"properties":{"gnis_name":null,"fcode":33600,"lengthkm":0.677328}},{"type":"Feature","geometry":{"type":"LineString","coordinates":[[-112.9759,43.52912],[-112.97434,43.52637]]},"properties":{"gnis_name":null,"fcode":33600,"lengthkm":0.33191481}},{"type":"Feature","geometry":{"type":"LineString","coordinates":[[-113.37603,43.7213],[-113.376,43.71433],[-113.37641,43.71354],[-113.37628,43.71338],[-113.37647,43.71298],[-113.37776,43.71102]]},"properties":{"gnis_name":null,"fcode":33600,"lengthkm":1.18266154}},{"type":"Feature","geometry":{"type":"LineString","coordinates":[[-113.02262,43.87353],[-113.02142,43.87369],[-113.0203,43.87347],[-113.02032,43.87276],[-113.02081,43.87059]]},"properties":{"gnis_name":null,"fcode":33600,"lengthkm":0.52333568}},{"type":"Feature","geometry":{"type":"LineString","coordinates":[[-113.84576,44.13016],[-113.84586,44.13034],[-113.84919,44.1304],[-113.84958,44.13083]]},"properties":{"gnis_name":null,"fcode":33600,"lengthkm":0.34510556000000003}},{"type":"Feature","geometry":{"type":"LineString","coordinates":[[-113.35179,43.78175],[-113.3515,43.78069],[-113.3505,43.77896],[-113.35052,43.77856],[-113.3508,43.77802]]},"properties":{"gnis_name":"Island Ditch","fcode":33600,"lengthkm":0.44413003}},{"type":"Feature","geometry":{"type":"LineString","coordinates":[[-113.23576,43.99897],[-113.23523,43.99825]]},"properties":{"gnis_name":null,"fcode":33600,"lengthkm":0.09181697000000001}},{"type":"Feature","geometry":{"type":"LineString","coordinates":[[-113.19961,43.93605],[-113.19972,43.93512],[-113.20007,43.93488],[-113.20025,43.93436],[-113.20057,43.93405],[-113.20038,43.93376],[-113.20077,43.93305],[-113.20101,43.93292],[-113.20203,43.93162],[-113.20218,43.93116],[-113.2025,43.9309],[-113.20216,43.93044],[-113.20234,43.93023]]},"properties":{"gnis_name":null,"fcode":33600,"lengthkm":0.74276871}},{"type":"Feature","geometry":{"type":"LineString","coordinates":[[-113.3604,43.80285],[-113.36105,43.80279],[-113.36132,43.80235],[-113.36138,43.80179],[-113.36232,43.80063],[-113.36215,43.80001],[-113.36078,43.79771],[-113.36028,43.79723],[-113.36052,43.79686],[-113.36086,43.79668],[-113.36117,43.7959],[-113.36026,43.79485]]},"properties":{"gnis_name":"Burnett Ditch","fcode":33600,"lengthkm":1.05213793}},{"type":"Feature","geometry":{"type":"LineString","coordinates":[[-113.00972,43.80723],[-113.00381,43.80591]]},"properties":{"gnis_name":null,"fcode":33600,"lengthkm":0.49610503000000006}},{"type":"Feature","geometry":{"type":"LineString","coordinates":[[-112.92822,43.64749],[-112.92766,43.64813],[-112.92695,43.64962],[-112.9247,43.65201],[-112.92444,43.65267]]},"properties":{"gnis_name":null,"fcode":33600,"lengthkm":0.6612004}},{"type":"Feature","geometry":{"type":"LineString","coordinates":[[-113.43447,43.88604],[-113.43445,43.88183],[-113.4343,43.88068]]},"properties":{"gnis_name":null,"fcode":33600,"lengthkm":0.59941226}},{"type":"Feature","geometry":{"type":"LineString","coordinates":[[-113.4156,43.59496],[-113.41592,43.59478],[-113.4159,43.58433],[-113.41607,43.58415],[-113.41812,43.58371]]},"properties":{"gnis_name":null,"fcode":33600,"lengthkm":1.40304549}},{"type":"Feature","geometry":{"type":"LineString","coordinates":[[-112.92084,43.62352],[-112.92258,43.62353]]},"properties":{"gnis_name":null,"fcode":33600,"lengthkm":0.14}},{"type":"Feature","geometry":{"type":"LineString","coordinates":[[-112.90551,43.68109],[-112.92786,43.68107]]},"properties":{"gnis_name":null,"fcode":33600,"lengthkm":1.7944406}},{"type":"Feature","geometry":{"type":"LineString","coordinates":[[-113.59616,43.96161],[-113.59347,43.96218],[-113.59268,43.96211],[-113.59201,43.9623],[-113.59109,43.96194],[-113.58894,43.96212],[-113.58888,43.96178],[-113.5885,43.96128],[-113.58646,43.95949],[-113.58389,43.95813],[-113.58263,43.958],[-113.58251,43.95804],[-113.58243,43.95869],[-113.58268,43.95943],[-113.58269,43.96004],[-113.58261,43.96045],[-113.58213,43.96092],[-113.58206,43.96159],[-113.58218,43.96193],[-113.58169,43.96364],[-113.5809,43.96468],[-113.5797,43.965],[-113.57969,43.96535],[-113.57849,43.96649]]},"properties":{"gnis_name":null,"fcode":33600,"lengthkm":2.42372047}},{"type":"Feature","geometry":{"type":"LineString","coordinates":[[-113.46651,43.61599],[-113.46601,43.6155],[-113.46497,43.6153],[-113.46436,43.61501],[-113.46364,43.61396]]},"properties":{"gnis_name":"Blaine Canal","fcode":33600,"lengthkm":0.34783185}},{"type":"Feature","geometry":{"type":"LineString","coordinates":[[-113.46213,43.91488],[-113.46143,43.91431]]},"properties":{"gnis_name":null,"fcode":33600,"lengthkm":0.08650063000000001}},{"type":"Feature","geometry":{"type":"LineString","coordinates":[[-113.4484,43.77917],[-113.44797,43.78081],[-113.4483,43.78168],[-113.44821,43.78191],[-113.44788,43.78199],[-113.44772,43.78224]]},"properties":{"gnis_name":null,"fcode":33600,"lengthkm":0.38050411}},{"type":"Feature","geometry":{"type":"LineString","coordinates":[[-113.81151,43.97261],[-113.81064,43.97241],[-113.80904,43.97146],[-113.80839,43.97084],[-113.80615,43.96996],[-113.80491,43.96908],[-113.80419,43.96886],[-113.80259,43.96773],[-113.80094,43.96774],[-113.80061,43.96762]]},"properties":{"gnis_name":null,"fcode":33600,"lengthkm":1.0793234999999999}},{"type":"Feature","geometry":{"type":"LineString","coordinates":[[-113.22156,44.01847],[-113.22195,44.01629],[-113.22223,44.01585],[-113.2228,44.01563],[-113.22353,44.0149],[-113.22363,44.01454],[-113.22404,44.01419],[-113.22426,44.01311],[-113.22508,44.01233],[-113.22601,44.01245],[-113.22764,44.01197],[-113.22868,44.01003],[-113.23172,44.00623],[-113.23241,44.00552],[-113.23327,44.00505]]},"properties":{"gnis_name":null,"fcode":33600,"lengthkm":1.92079058}},{"type":"Feature","geometry":{"type":"LineString","coordinates":[[-113.06559,43.81961],[-113.0632,43.81896]]},"properties":{"gnis_name":null,"fcode":33600,"lengthkm":0.20540457}},{"type":"Feature","geometry":{"type":"LineString","coordinates":[[-112.98493,43.82755],[-112.98394,43.82728],[-112.98386,43.81325]]},"properties":{"gnis_name":null,"fcode":33600,"lengthkm":1.6645295599999999}},{"type":"Feature","geometry":{"type":"LineString","coordinates":[[-113.40652,43.63291],[-113.40594,43.63182],[-113.40576,43.63096],[-113.40599,43.62982],[-113.40631,43.62929],[-113.40714,43.6284],[-113.40879,43.62745],[-113.41104,43.62413],[-113.41109,43.62383],[-113.41387,43.62201],[-113.41482,43.62085],[-113.41555,43.61948]]},"properties":{"gnis_name":null,"fcode":33600,"lengthkm":1.77443288}},{"type":"Feature","geometry":{"type":"LineString","coordinates":[[-113.36343,43.71076],[-113.36484,43.71073],[-113.36485,43.70725],[-113.36507,43.70655],[-113.36495,43.70506],[-113.3654,43.70434],[-113.3655,43.70353],[-113.36606,43.70349],[-113.36615,43.69651],[-113.36604,43.69611],[-113.36531,43.69582]]},"properties":{"gnis_name":null,"fcode":33600,"lengthkm":1.86859993}},{"type":"Feature","geometry":{"type":"LineString","coordinates":[[-113.57071,43.87353],[-113.56495,43.87057],[-113.5637,43.86966],[-113.56308,43.86957],[-113.56109,43.86852],[-113.55727,43.86899],[-113.55367,43.86861],[-113.55168,43.86858],[-113.54892,43.86791],[-113.54795,43.86795],[-113.54675,43.86773],[-113.54471,43.86685],[-113.54212,43.86624],[-113.54134,43.86553],[-113.54015,43.86554],[-113.53764,43.86477],[-113.53547,43.86357]]},"properties":{"gnis_name":"Rodger Ditch","fcode":33600,"lengthkm":3.1947469600000002}},{"type":"Feature","geometry":{"type":"LineString","coordinates":[[-113.51583,43.89997],[-113.51442,43.89984],[-113.51166,43.90005],[-113.50939,43.90001],[-113.50739,43.90038],[-113.50499,43.90106],[-113.50181,43.90233],[-113.5,43.90327],[-113.49818,43.90462],[-113.49722,43.90512],[-113.49639,43.90607],[-113.49511,43.90647],[-113.49472,43.90706]]},"properties":{"gnis_name":"Burnett Ditch","fcode":33600,"lengthkm":1.98429133}},{"type":"Feature","geometry":{"type":"LineString","coordinates":[[-113.0334,43.81055],[-113.03276,43.81065],[-113.03131,43.80988],[-113.02691,43.81027],[-113.02394,43.81146],[-113.02158,43.81137],[-113.00024,43.80732],[-112.99605,43.80397],[-112.99412,43.80251],[-112.99371,43.80236],[-112.99249,43.80237],[-112.99185,43.80253],[-112.98772,43.80413],[-112.98761,43.80434],[-112.98681,43.8044],[-112.9739,43.80926]]},"properties":{"gnis_name":null,"fcode":33600,"lengthkm":5.345586460000001}},{"type":"Feature","geometry":{"type":"LineString","coordinates":[[-113.40082,43.88569],[-113.40105,43.88564],[-113.40221,43.88654],[-113.40299,43.88678],[-113.40363,43.8873],[-113.40398,43.88735],[-113.40454,43.88803],[-113.40605,43.88903],[-113.40755,43.89034],[-113.4103,43.8919],[-113.41106,43.89215],[-113.41121,43.89255],[-113.41182,43.89261],[-113.41201,43.89277]]},"properties":{"gnis_name":"Fury Ditch","fcode":33600,"lengthkm":1.26776925}},{"type":"Feature","geometry":{"type":"LineString","coordinates":[[-112.96952,43.77931],[-112.96662,43.77945],[-112.95663,43.78314]]},"properties":{"gnis_name":null,"fcode":33600,"lengthkm":1.13341698}},{"type":"Feature","geometry":{"type":"LineString","coordinates":[[-113.29671,44.18786],[-113.29777,44.18766],[-113.29816,44.18773],[-113.29989,44.19095],[-113.30011,44.19175],[-113.30045,44.19231],[-113.30033,44.19327],[-113.30061,44.19428],[-113.30149,44.19522],[-113.30155,44.196],[-113.30215,44.19762],[-113.30246,44.19917],[-113.30357,44.20208],[-113.30421,44.20241],[-113.30437,44.20267],[-113.30576,44.2033],[-113.30575,44.20424],[-113.30588,44.20447],[-113.3077,44.20554],[-113.30939,44.20715],[-113.3089,44.20789],[-113.30869,44.20796],[-113.30879,44.20906],[-113.30845,44.2096]]},"properties":{"gnis_name":null,"fcode":33600,"lengthkm":2.88935476}},{"type":"Feature","geometry":{"type":"LineString","coordinates":[[-113.29486,44.20456],[-113.29512,44.2044],[-113.29596,44.20439],[-113.29738,44.205],[-113.29819,44.20482],[-113.29885,44.20444],[-113.29967,44.20436]]},"properties":{"gnis_name":null,"fcode":33600,"lengthkm":0.44003571}},{"type":"Feature","geometry":{"type":"LineString","coordinates":[[-113.44752,43.90436],[-113.45123,43.8881],[-113.45209,43.88704],[-113.45191,43.8818]]},"properties":{"gnis_name":null,"fcode":33600,"lengthkm":2.56025247}},{"type":"Feature","geometry":{"type":"LineString","coordinates":[[-113.26534,43.61644],[-113.2624,43.6162],[-113.26182,43.61654],[-113.26122,43.61666],[-113.26065,43.61643],[-113.2602,43.61595],[-113.25646,43.61499]]},"properties":{"gnis_name":"Arco Canal","fcode":33600,"lengthkm":0.7867193600000001}},{"type":"Feature","geometry":{"type":"LineString","coordinates":[[-113.38313,43.67454],[-113.39599,43.67463]]},"properties":{"gnis_name":null,"fcode":33600,"lengthkm":1.03241159}},{"type":"Feature","geometry":{"type":"LineString","coordinates":[[-112.98281,43.85091],[-112.98078,43.8517],[-112.97389,43.84933]]},"properties":{"gnis_name":null,"fcode":33600,"lengthkm":0.8027114900000001}},{"type":"Feature","geometry":{"type":"LineString","coordinates":[[-112.938,43.60674],[-112.93607,43.60846],[-112.93583,43.60977]]},"properties":{"gnis_name":null,"fcode":33600,"lengthkm":0.3956739}},{"type":"Feature","geometry":{"type":"LineString","coordinates":[[-113.68064,44.003],[-113.68082,44.0027],[-113.68086,44.0016],[-113.68151,44.00097],[-113.68142,44.00069],[-113.68186,43.99964],[-113.6822,43.99913],[-113.6825,43.99899],[-113.68251,43.99794],[-113.68238,43.99776],[-113.68114,43.99743],[-113.68112,43.9971]]},"properties":{"gnis_name":null,"fcode":33600,"lengthkm":0.78733271}},{"type":"Feature","geometry":{"type":"LineString","coordinates":[[-113.58675,43.5191],[-113.58546,43.51916],[-113.58286,43.51851],[-113.58276,43.51834],[-113.58286,43.51803],[-113.58217,43.51747]]},"properties":{"gnis_name":"Lava Creek","fcode":33600,"lengthkm":0.47317205}},{"type":"Feature","geometry":{"type":"LineString","coordinates":[[-113.38205,43.71084],[-113.38397,43.70945],[-113.3859,43.70862],[-113.3862,43.70821],[-113.3872,43.70749],[-113.38776,43.70665],[-113.38859,43.70612],[-113.38896,43.70568],[-113.39001,43.70521],[-113.39108,43.70524],[-113.39278,43.70445],[-113.39381,43.70429],[-113.39429,43.70395],[-113.39462,43.70332],[-113.39542,43.70268],[-113.39582,43.70142],[-113.39548,43.70091],[-113.39523,43.69922],[-113.39443,43.69816],[-113.39412,43.69734],[-113.3941,43.69698],[-113.3944,43.6962]]},"properties":{"gnis_name":"Moore Canal","fcode":33600,"lengthkm":2.2464703999999998}},{"type":"Feature","geometry":{"type":"LineString","coordinates":[[-113.33134,43.71343],[-113.33399,43.71085]]},"properties":{"gnis_name":"East Side Ditch","fcode":33600,"lengthkm":0.35939514}},{"type":"Feature","geometry":{"type":"LineString","coordinates":[[-113.09838,43.99991],[-113.10015,44.0019]]},"properties":{"gnis_name":null,"fcode":33600,"lengthkm":0.26465616000000003}},{"type":"Feature","geometry":{"type":"LineString","coordinates":[[-112.99401,43.84989],[-112.99381,43.84205]]},"properties":{"gnis_name":null,"fcode":33600,"lengthkm":0.8753551500000001}},{"type":"Feature","geometry":{"type":"LineString","coordinates":[[-112.99403,43.83496],[-112.9936,43.8347],[-112.99352,43.82746]]},"properties":{"gnis_name":null,"fcode":33600,"lengthkm":0.85879689}},{"type":"Feature","geometry":{"type":"LineString","coordinates":[[-113.89016,44.06944],[-113.88901,44.07015],[-113.88897,44.07039],[-113.88899,44.07725]]},"properties":{"gnis_name":null,"fcode":33600,"lengthkm":0.91387412}},{"type":"Feature","geometry":{"type":"LineString","coordinates":[[-113.38205,43.71084],[-113.3772,43.71082]]},"properties":{"gnis_name":null,"fcode":33600,"lengthkm":0.38903338000000004}},{"type":"Feature","geometry":{"type":"LineString","coordinates":[[-113.39599,43.67463],[-113.39593,43.67021],[-113.39355,43.67011],[-113.39212,43.66968],[-113.39192,43.66933],[-113.39234,43.66734],[-113.39321,43.66717],[-113.39345,43.65809],[-113.39345,43.65664],[-113.39326,43.65657],[-113.39337,43.65284]]},"properties":{"gnis_name":null,"fcode":33600,"lengthkm":2.76416149}},{"type":"Feature","geometry":{"type":"LineString","coordinates":[[-113.25646,43.61499],[-113.25085,43.6144],[-113.24675,43.61537],[-113.24404,43.61483],[-113.24158,43.61458]]},"properties":{"gnis_name":"Arco Canal","fcode":33600,"lengthkm":1.22991512}},{"type":"Feature","geometry":{"type":"LineString","coordinates":[[-112.97029,43.75802],[-112.99122,43.75808]]},"properties":{"gnis_name":null,"fcode":33600,"lengthkm":1.6782705}},{"type":"Feature","geometry":{"type":"LineString","coordinates":[[-112.99401,43.84989],[-112.99228,43.84987]]},"properties":{"gnis_name":null,"fcode":33600,"lengthkm":0.13864682}},{"type":"Feature","geometry":{"type":"LineString","coordinates":[[-113.08254,43.85633],[-113.07557,43.85636]]},"properties":{"gnis_name":null,"fcode":33600,"lengthkm":0.55872106}},{"type":"Feature","geometry":{"type":"LineString","coordinates":[[-112.91557,43.69559],[-112.9156,43.70217]]},"properties":{"gnis_name":null,"fcode":33600,"lengthkm":0.7343789300000001}},{"type":"Feature","geometry":{"type":"LineString","coordinates":[[-112.90536,43.69555],[-112.91149,43.69557]]},"properties":{"gnis_name":null,"fcode":33600,"lengthkm":0.49216086000000003}},{"type":"Feature","geometry":{"type":"LineString","coordinates":[[-113.88344,44.0363],[-113.87749,44.03537],[-113.8754,44.03553],[-113.87369,44.03538],[-113.86079,44.03609],[-113.84514,44.03067]]},"properties":{"gnis_name":null,"fcode":33600,"lengthkm":3.21709432}},{"type":"Feature","geometry":{"type":"LineString","coordinates":[[-113.41573,43.61471],[-113.41448,43.61399],[-113.41315,43.61273],[-113.41164,43.61177],[-113.4097,43.61099],[-113.40686,43.6103],[-113.40555,43.60958],[-113.4047,43.60884]]},"properties":{"gnis_name":null,"fcode":33600,"lengthkm":1.12807801}},{"type":"Feature","geometry":{"type":"LineString","coordinates":[[-113.55249,43.91424],[-113.55285,43.91418],[-113.55293,43.91395],[-113.55354,43.91362],[-113.55489,43.91333],[-113.55597,43.9129],[-113.55773,43.91268],[-113.55831,43.91239],[-113.56128,43.91171],[-113.56163,43.9119],[-113.56301,43.91188],[-113.56328,43.91213],[-113.56337,43.91179],[-113.56589,43.91156],[-113.56608,43.9114],[-113.56714,43.91134],[-113.56975,43.91072],[-113.57138,43.91059],[-113.57226,43.91036],[-113.57317,43.91039],[-113.57423,43.91014],[-113.57496,43.91018],[-113.57698,43.91073],[-113.57752,43.9111],[-113.57839,43.91213]]},"properties":{"gnis_name":null,"fcode":33600,"lengthkm":2.36021594}},{"type":"Feature","geometry":{"type":"LineString","coordinates":[[-113.0716,43.83696],[-113.07163,43.8362],[-113.07147,43.83559],[-113.07195,43.83485],[-113.07184,43.83426],[-113.0693,43.82945],[-113.06946,43.82885],[-113.07067,43.82827],[-113.07112,43.82759],[-113.07038,43.82553],[-113.07017,43.82405],[-113.06921,43.82195],[-113.06821,43.8206],[-113.06797,43.82043],[-113.06628,43.82015],[-113.06559,43.81961]]},"properties":{"gnis_name":null,"fcode":33600,"lengthkm":2.22808097}},{"type":"Feature","geometry":{"type":"LineString","coordinates":[[-113.41546,43.60274],[-113.4141,43.60211]]},"properties":{"gnis_name":null,"fcode":33600,"lengthkm":0.13297812}},{"type":"Feature","geometry":{"type":"LineString","coordinates":[[-113.41554,43.60279],[-113.41546,43.60274]]},"properties":{"gnis_name":null,"fcode":33600,"lengthkm":0.00800194}},{"type":"Feature","geometry":{"type":"LineString","coordinates":[[-113.44592,43.78421],[-113.44525,43.78429],[-113.44443,43.78476],[-113.44346,43.78484],[-113.42933,43.78469]]},"properties":{"gnis_name":null,"fcode":33600,"lengthkm":1.35801923}},{"type":"Feature","geometry":{"type":"LineString","coordinates":[[-113.50267,43.89403],[-113.50254,43.88947],[-113.50272,43.88889]]},"properties":{"gnis_name":"Swauger Ditch","fcode":33600,"lengthkm":0.57654024}},{"type":"Feature","geometry":{"type":"LineString","coordinates":[[-113.27911,43.62752],[-113.2787,43.62665],[-113.27853,43.6253],[-113.27686,43.62414],[-113.276,43.62425],[-113.27437,43.62518],[-113.27385,43.62511],[-113.27329,43.62458]]},"properties":{"gnis_name":"Arco Canal","fcode":33600,"lengthkm":0.80168415}},{"type":"Feature","geometry":{"type":"LineString","coordinates":[[-112.9759,43.52912],[-112.9773,43.52643]]},"properties":{"gnis_name":null,"fcode":33600,"lengthkm":0.32129636000000006}},{"type":"Feature","geometry":{"type":"LineString","coordinates":[[-113.19309,44.14766],[-113.19291,44.14688],[-113.1926,44.1464],[-113.19254,44.14583],[-113.19223,44.14559],[-113.1921,44.14514],[-113.19088,44.14318],[-113.19017,44.14245]]},"properties":{"gnis_name":null,"fcode":33600,"lengthkm":0.64372896}},{"type":"Feature","geometry":{"type":"LineString","coordinates":[[-113.08563,43.85097],[-113.08473,43.84867],[-113.08391,43.84766],[-113.08346,43.84484],[-113.0837,43.8401],[-113.08448,43.8376]]},"properties":{"gnis_name":null,"fcode":33600,"lengthkm":1.53329904}},{"type":"Feature","geometry":{"type":"LineString","coordinates":[[-112.91149,43.69557],[-112.91557,43.69559]]},"properties":{"gnis_name":null,"fcode":33600,"lengthkm":0.32697482}},{"type":"Feature","geometry":{"type":"LineString","coordinates":[[-113.28667,43.62065],[-113.28665,43.61822],[-113.28681,43.61797],[-113.28679,43.61183],[-113.28614,43.61115],[-113.28625,43.6107],[-113.28594,43.60967],[-113.28541,43.60925],[-113.28534,43.60824],[-113.28485,43.60704],[-113.28483,43.60595],[-113.28219,43.60255],[-113.28083,43.60138],[-113.28079,43.60094],[-113.28149,43.60029],[-113.28146,43.6001],[-113.28057,43.59985],[-113.27791,43.59842],[-113.27695,43.59867],[-113.26667,43.59883]]},"properties":{"gnis_name":null,"fcode":33600,"lengthkm":3.7221571100000004}},{"type":"Feature","geometry":{"type":"LineString","coordinates":[[-113.85946,43.99509],[-113.85908,43.99398],[-113.85903,43.99073],[-113.8519,43.9907]]},"properties":{"gnis_name":null,"fcode":33600,"lengthkm":1.07127511}},{"type":"Feature","geometry":{"type":"LineString","coordinates":[[-113.48194,43.83125],[-113.48176,43.83123],[-113.48111,43.82963],[-113.48068,43.829]]},"properties":{"gnis_name":null,"fcode":33600,"lengthkm":0.28522169}},{"type":"Feature","geometry":{"type":"LineString","coordinates":[[-113.83327,44.02598],[-113.8318,44.02568],[-113.83144,44.0254],[-113.82772,44.02435]]},"properties":{"gnis_name":null,"fcode":33600,"lengthkm":0.48654263000000003}},{"type":"Feature","geometry":{"type":"LineString","coordinates":[[-113.05635,43.85648],[-113.05616,43.8563],[-113.0553,43.85615],[-113.05449,43.85577],[-113.05321,43.85454],[-113.04643,43.84567],[-113.04275,43.84287],[-113.0406,43.84163]]},"properties":{"gnis_name":null,"fcode":33600,"lengthkm":2.12668585}},{"type":"Feature","geometry":{"type":"LineString","coordinates":[[-113.396,43.65284],[-113.39337,43.65284]]},"properties":{"gnis_name":"Lower Blaine Canal","fcode":33600,"lengthkm":0.21173697}},{"type":"Feature","geometry":{"type":"LineString","coordinates":[[-113.30492,43.60275],[-113.30572,43.60242],[-113.30645,43.60239],[-113.3066,43.60077],[-113.30714,43.60009],[-113.30831,43.59922],[-113.30714,43.59741],[-113.30714,43.59653],[-113.30688,43.59621],[-113.30638,43.59611],[-113.30636,43.5955],[-113.30585,43.59524],[-113.30159,43.59522],[-113.30154,43.59154],[-113.29666,43.5916]]},"properties":{"gnis_name":null,"fcode":33600,"lengthkm":2.21199272}},{"type":"Feature","geometry":{"type":"LineString","coordinates":[[-113.39337,43.65284],[-113.38833,43.65289],[-113.38587,43.65553],[-113.38589,43.65648],[-113.38096,43.6575],[-113.38097,43.65918]]},"properties":{"gnis_name":"Lower Blaine Canal","fcode":33600,"lengthkm":1.46727966}},{"type":"Feature","geometry":{"type":"LineString","coordinates":[[-113.57877,43.91089],[-113.5783,43.91078]]},"properties":{"gnis_name":null,"fcode":33600,"lengthkm":0.04017455}},{"type":"Feature","geometry":{"type":"LineString","coordinates":[[-113.30539,44.17796],[-113.29891,44.18219]]},"properties":{"gnis_name":"Dry Creek","fcode":33600,"lengthkm":0.70243414}},{"type":"Feature","geometry":{"type":"LineString","coordinates":[[-112.96175,43.80389],[-112.94774,43.80397],[-112.93996,43.80305],[-112.93709,43.79841]]},"properties":{"gnis_name":null,"fcode":33600,"lengthkm":2.3242526}},{"type":"Feature","geometry":{"type":"LineString","coordinates":[[-113.33399,43.71085],[-113.33497,43.71006],[-113.33664,43.70923],[-113.33843,43.70763],[-113.34107,43.70609],[-113.34139,43.70574],[-113.34221,43.70365],[-113.34489,43.70038],[-113.34524,43.70015]]},"properties":{"gnis_name":"East Side Ditch","fcode":33600,"lengthkm":1.5375605700000001}},{"type":"Feature","geometry":{"type":"LineString","coordinates":[[-113.44907,43.92244],[-113.45246,43.91835],[-113.45668,43.91658],[-113.45763,43.9159],[-113.45762,43.91573],[-113.45809,43.91571],[-113.4597,43.91511]]},"properties":{"gnis_name":null,"fcode":33600,"lengthkm":1.23501324}},{"type":"Feature","geometry":{"type":"LineString","coordinates":[[-113.36529,43.6903],[-113.365,43.68955],[-113.36427,43.68917]]},"properties":{"gnis_name":null,"fcode":33600,"lengthkm":0.16411588}},{"type":"Feature","geometry":{"type":"LineString","coordinates":[[-113.48151,43.91682],[-113.48149,43.9177],[-113.48075,43.9182],[-113.47874,43.91867],[-113.47706,43.91823],[-113.47454,43.9169],[-113.47182,43.91591]]},"properties":{"gnis_name":null,"fcode":33600,"lengthkm":0.99279531}},{"type":"Feature","geometry":{"type":"LineString","coordinates":[[-113.89759,44.13299],[-113.89728,44.13201],[-113.89704,44.13176],[-113.89705,44.13123],[-113.89683,44.13081],[-113.8969,44.13015]]},"properties":{"gnis_name":null,"fcode":33600,"lengthkm":0.32999456000000005}},{"type":"Feature","geometry":{"type":"LineString","coordinates":[[-113.37159,44.16262],[-113.37114,44.16202],[-113.37099,44.16147]]},"properties":{"gnis_name":"Dry Creek Canal","fcode":33600,"lengthkm":0.13799593999999998}},{"type":"Feature","geometry":{"type":"LineString","coordinates":[[-112.90548,43.63082],[-112.91554,43.6235],[-112.92084,43.62352]]},"properties":{"gnis_name":null,"fcode":33600,"lengthkm":1.57599989}},{"type":"Feature","geometry":{"type":"LineString","coordinates":[[-113.43635,43.60306],[-113.41561,43.60229]]},"properties":{"gnis_name":null,"fcode":33600,"lengthkm":1.67139814}},{"type":"Feature","geometry":{"type":"LineString","coordinates":[[-113.03382,43.84233],[-113.01542,43.84231],[-113.01492,43.84283],[-113.01389,43.84339]]},"properties":{"gnis_name":null,"fcode":33600,"lengthkm":1.64871874}},{"type":"Feature","geometry":{"type":"LineString","coordinates":[[-113.18396,43.92697],[-113.18215,43.92638],[-113.18072,43.9261],[-113.17986,43.92614],[-113.17884,43.92572]]},"properties":{"gnis_name":null,"fcode":33600,"lengthkm":0.44215603000000003}},{"type":"Feature","geometry":{"type":"LineString","coordinates":[[-113.42933,43.78469],[-113.42823,43.78609],[-113.42736,43.78764],[-113.42649,43.78802],[-113.42579,43.78796],[-113.42551,43.78936],[-113.42572,43.79108],[-113.42554,43.79161],[-113.42558,43.79879]]},"properties":{"gnis_name":null,"fcode":33600,"lengthkm":1.7224264599999999}},{"type":"Feature","geometry":{"type":"LineString","coordinates":[[-113.78351,43.96941],[-113.78194,43.96894],[-113.77858,43.96901],[-113.77843,43.97097]]},"properties":{"gnis_name":null,"fcode":33600,"lengthkm":0.6272016699999999}},{"type":"Feature","geometry":{"type":"LineString","coordinates":[[-112.98606,43.80459],[-112.98561,43.80427],[-112.98511,43.80417],[-112.96175,43.80389]]},"properties":{"gnis_name":null,"fcode":33600,"lengthkm":1.9660693300000003}},{"type":"Feature","geometry":{"type":"LineString","coordinates":[[-113.48068,43.829],[-113.48027,43.82849],[-113.48012,43.82797],[-113.48027,43.82753],[-113.47995,43.8273],[-113.47943,43.82624],[-113.47961,43.82587],[-113.48013,43.82569],[-113.47993,43.8254],[-113.4802,43.82504],[-113.4799,43.82479],[-113.48002,43.82442],[-113.47934,43.82302],[-113.47964,43.82235],[-113.47959,43.82176],[-113.48018,43.82077]]},"properties":{"gnis_name":"Darlington Ditch","fcode":33600,"lengthkm":1.0313557500000001}},{"type":"Feature","geometry":{"type":"LineString","coordinates":[[-113.91699,44.0487],[-113.91688,44.04932],[-113.9161,44.04989],[-113.91589,44.05036],[-113.91549,44.05075],[-113.91411,44.05165],[-113.91296,44.05303],[-113.91082,44.05349],[-113.90928,44.05323]]},"properties":{"gnis_name":"Chilly Canal","fcode":33600,"lengthkm":0.9067470400000001}},{"type":"Feature","geometry":{"type":"LineString","coordinates":[[-112.93242,43.66322],[-112.9327,43.66262],[-112.9339,43.66193],[-112.93446,43.66136],[-112.93441,43.6607],[-112.93393,43.66034],[-112.93124,43.66031],[-112.93088,43.65993],[-112.93115,43.65944],[-112.93114,43.65917],[-112.93092,43.65898],[-112.92711,43.65723]]},"properties":{"gnis_name":null,"fcode":33600,"lengthkm":1.15543009}},{"type":"Feature","geometry":{"type":"LineString","coordinates":[[-113.3716,43.68168],[-113.37149,43.67461],[-113.38313,43.67454]]},"properties":{"gnis_name":null,"fcode":33600,"lengthkm":1.72641534}},{"type":"Feature","geometry":{"type":"LineString","coordinates":[[-113.39294,43.6022],[-113.39269,43.6022]]},"properties":{"gnis_name":null,"fcode":33600,"lengthkm":0.02008298}},{"type":"Feature","geometry":{"type":"LineString","coordinates":[[-113.47182,43.91591],[-113.46855,43.91556],[-113.46542,43.91575],[-113.4645,43.91551]]},"properties":{"gnis_name":null,"fcode":33600,"lengthkm":0.5971469}},{"type":"Feature","geometry":{"type":"LineString","coordinates":[[-113.47484,43.91991],[-113.47515,43.91937],[-113.47535,43.91929],[-113.47573,43.91949],[-113.47874,43.91904],[-113.48075,43.91891],[-113.48216,43.91848],[-113.48283,43.91859],[-113.48347,43.91833]]},"properties":{"gnis_name":null,"fcode":33600,"lengthkm":0.76826944}},{"type":"Feature","geometry":{"type":"LineString","coordinates":[[-113.78351,43.96941],[-113.78334,43.96915],[-113.78132,43.96855],[-113.77886,43.96692]]},"properties":{"gnis_name":null,"fcode":33600,"lengthkm":0.47692348000000007}},{"type":"Feature","geometry":{"type":"LineString","coordinates":[[-113.47087,43.91243],[-113.47688,43.91146],[-113.48056,43.91115],[-113.48096,43.91103],[-113.48265,43.90961],[-113.48486,43.90894],[-113.48541,43.90905],[-113.48836,43.90895],[-113.49003,43.90807],[-113.49077,43.90724],[-113.49107,43.90622],[-113.49122,43.90612]]},"properties":{"gnis_name":null,"fcode":33600,"lengthkm":1.91792163}},{"type":"Feature","geometry":{"type":"LineString","coordinates":[[-113.20693,44.19464],[-113.20789,44.19548],[-113.20962,44.19572],[-113.21184,44.19712]]},"properties":{"gnis_name":null,"fcode":33600,"lengthkm":0.51352264}},{"type":"Feature","geometry":{"type":"LineString","coordinates":[[-113.87352,44.07044],[-113.87234,44.06975],[-113.86995,44.06906],[-113.86957,44.06921],[-113.86803,44.06878],[-113.86575,44.07053],[-113.86355,44.07058],[-113.86356,44.07446],[-113.86267,44.07464],[-113.86187,44.07614],[-113.86201,44.07656],[-113.86007,44.07643],[-113.85952,44.07698],[-113.85921,44.07696]]},"properties":{"gnis_name":null,"fcode":33600,"lengthkm":1.9481936600000003}},{"type":"Feature","geometry":{"type":"LineString","coordinates":[[-113.4085,43.65249],[-113.40841,43.65203],[-113.40644,43.64836],[-113.40643,43.64757],[-113.40531,43.64737],[-113.40306,43.64612],[-113.40142,43.64426]]},"properties":{"gnis_name":null,"fcode":33600,"lengthkm":1.1477974499999999}},{"type":"Feature","geometry":{"type":"LineString","coordinates":[[-113.45403,43.58888],[-113.43183,43.58829]]},"properties":{"gnis_name":null,"fcode":33600,"lengthkm":1.7867424900000002}},{"type":"Feature","geometry":{"type":"LineString","coordinates":[[-113.48118,43.81413],[-113.48058,43.81323],[-113.47841,43.81147],[-113.47825,43.81116]]},"properties":{"gnis_name":"Darlington Ditch","fcode":33600,"lengthkm":0.41268043000000004}},{"type":"Feature","geometry":{"type":"LineString","coordinates":[[-112.93877,43.83744],[-112.93861,43.83722],[-112.93769,43.83698],[-112.93641,43.83692],[-112.9339,43.8365]]},"properties":{"gnis_name":null,"fcode":33600,"lengthkm":0.41940508}},{"type":"Feature","geometry":{"type":"LineString","coordinates":[[-112.90738,43.66719],[-112.90669,43.66696]]},"properties":{"gnis_name":null,"fcode":33600,"lengthkm":0.06122358000000001}},{"type":"Feature","geometry":{"type":"LineString","coordinates":[[-113.36676,43.75622],[-113.36619,43.75573],[-113.36601,43.75532],[-113.36613,43.74427]]},"properties":{"gnis_name":null,"fcode":33600,"lengthkm":1.35273028}},{"type":"Feature","geometry":{"type":"LineString","coordinates":[[-113.3649,43.7345],[-113.36472,43.73449],[-113.36462,43.73428],[-113.36463,43.73382],[-113.36442,43.73342],[-113.36502,43.73193],[-113.36535,43.72856],[-113.3656,43.72811],[-113.36538,43.72728],[-113.36448,43.72635],[-113.36468,43.72514],[-113.36431,43.72186],[-113.36263,43.7193],[-113.36232,43.71777],[-113.36234,43.71721],[-113.36289,43.71608],[-113.36283,43.71542],[-113.36299,43.71505],[-113.36328,43.71479],[-113.36391,43.71462],[-113.36412,43.71425],[-113.36433,43.71223],[-113.3634,43.71095],[-113.36343,43.71076]]},"properties":{"gnis_name":null,"fcode":33600,"lengthkm":2.82092726}},{"type":"Feature","geometry":{"type":"LineString","coordinates":[[-113.40086,43.68194],[-113.39607,43.68188],[-113.39599,43.67463]]},"properties":{"gnis_name":null,"fcode":33600,"lengthkm":1.19656214}},{"type":"Feature","geometry":{"type":"LineString","coordinates":[[-113.3265,43.73875],[-113.32658,43.73778],[-113.32634,43.73661],[-113.3267,43.7347],[-113.3273,43.73362],[-113.32842,43.73296]]},"properties":{"gnis_name":"East Side Ditch","fcode":33600,"lengthkm":0.70432278}},{"type":"Feature","geometry":{"type":"LineString","coordinates":[[-113.82889,43.97733],[-113.82792,43.97725],[-113.82693,43.97654],[-113.82592,43.97614],[-113.82473,43.97622],[-113.81937,43.97546],[-113.81729,43.97488],[-113.8155,43.97401],[-113.8138,43.97361],[-113.81151,43.97261]]},"properties":{"gnis_name":null,"fcode":33600,"lengthkm":1.53721107}},{"type":"Feature","geometry":{"type":"LineString","coordinates":[[-113.89216,44.07618],[-113.88929,44.08093],[-113.88616,44.08492]]},"properties":{"gnis_name":null,"fcode":33600,"lengthkm":1.08903506}},{"type":"Feature","geometry":{"type":"LineString","coordinates":[[-113.41583,43.62984],[-113.41579,43.61956],[-113.41555,43.61948]]},"properties":{"gnis_name":"Moore Canal","fcode":33600,"lengthkm":1.17001906}},{"type":"Feature","geometry":{"type":"LineString","coordinates":[[-113.32896,44.19106],[-113.32579,44.18987],[-113.32231,44.18958],[-113.32033,44.18978],[-113.31921,44.18867],[-113.31775,44.18769],[-113.31662,44.18747],[-113.31413,44.18735],[-113.31148,44.18674],[-113.30255,44.18326],[-113.29891,44.18219]]},"properties":{"gnis_name":null,"fcode":33600,"lengthkm":2.6824436499999997}},{"type":"Feature","geometry":{"type":"LineString","coordinates":[[-113.19734,43.92871],[-113.19615,43.92884],[-113.19423,43.92874],[-113.19228,43.92825],[-113.19035,43.92807],[-113.1883,43.92748],[-113.18701,43.92752],[-113.18396,43.92697]]},"properties":{"gnis_name":null,"fcode":33600,"lengthkm":1.1061258600000001}},{"type":"Feature","geometry":{"type":"LineString","coordinates":[[-113.50818,44.30621],[-113.50802,44.30579],[-113.50822,44.30537],[-113.50784,44.30511],[-113.50775,44.30477],[-113.50771,44.30447],[-113.50787,44.3042],[-113.50681,44.30366],[-113.5069,44.30309],[-113.50679,44.30272],[-113.50652,44.30244],[-113.50616,44.30239],[-113.50577,44.30192],[-113.50595,44.30152],[-113.50522,44.30124],[-113.50448,44.30066],[-113.50231,44.29983],[-113.50145,44.29966],[-113.50084,44.29978],[-113.49935,44.29943],[-113.49852,44.29966]]},"properties":{"gnis_name":null,"fcode":33600,"lengthkm":1.33168578}},{"type":"Feature","geometry":{"type":"LineString","coordinates":[[-113.31995,43.65265],[-113.31682,43.65152],[-113.31433,43.64875]]},"properties":{"gnis_name":"Arco Canal","fcode":33600,"lengthkm":0.65205217}},{"type":"Feature","geometry":{"type":"LineString","coordinates":[[-113.87366,44.07042],[-113.87382,44.06791],[-113.87497,44.06691],[-113.87635,44.06533]]},"properties":{"gnis_name":null,"fcode":33600,"lengthkm":0.6356775100000001}},{"type":"Feature","geometry":{"type":"LineString","coordinates":[[-113.90339,44.06311],[-113.90298,44.06349],[-113.90096,44.06409],[-113.89992,44.06461],[-113.89991,44.06494],[-113.89916,44.06591],[-113.89839,44.06608],[-113.89734,44.06713],[-113.89192,44.06858],[-113.89016,44.06944]]},"properties":{"gnis_name":null,"fcode":33600,"lengthkm":1.3478549899999999}},{"type":"Feature","geometry":{"type":"LineString","coordinates":[[-112.90529,43.71572],[-112.90523,43.72842]]},"properties":{"gnis_name":null,"fcode":33600,"lengthkm":1.417}},{"type":"Feature","geometry":{"type":"LineString","coordinates":[[-112.93571,43.62665],[-112.93568,43.6306]]},"properties":{"gnis_name":null,"fcode":33600,"lengthkm":0.441}},{"type":"Feature","geometry":{"type":"LineString","coordinates":[[-113.40791,43.66024],[-113.40892,43.65883],[-113.41027,43.65816],[-113.41134,43.65785],[-113.4117,43.65719],[-113.4116,43.65615],[-113.41176,43.65578],[-113.41279,43.65474],[-113.41316,43.65375],[-113.41326,43.65274]]},"properties":{"gnis_name":"Moore Canal","fcode":33600,"lengthkm":1.01511931}},{"type":"Feature","geometry":{"type":"LineString","coordinates":[[-113.67547,44.00457],[-113.67559,44.00296],[-113.67723,44.00292]]},"properties":{"gnis_name":null,"fcode":33600,"lengthkm":0.31590677}},{"type":"Feature","geometry":{"type":"LineString","coordinates":[[-112.93577,43.62354],[-112.93572,43.6259]]},"properties":{"gnis_name":null,"fcode":33600,"lengthkm":0.26321707}},{"type":"Feature","geometry":{"type":"LineString","coordinates":[[-113.92886,44.04142],[-113.92766,44.04137],[-113.92615,44.04181],[-113.92565,44.04169],[-113.92458,44.04236],[-113.92388,44.04241],[-113.92248,44.04363],[-113.92088,44.04433],[-113.91888,44.04616],[-113.91685,44.04651],[-113.91405,44.04639],[-113.91173,44.04736],[-113.90933,44.04745],[-113.90834,44.048],[-113.90709,44.04747],[-113.90594,44.04674],[-113.90343,44.04565],[-113.90289,44.04485],[-113.90088,44.0433],[-113.88863,44.03764],[-113.88344,44.0363]]},"properties":{"gnis_name":null,"fcode":33600,"lengthkm":4.36104568}},{"type":"Feature","geometry":{"type":"LineString","coordinates":[[-113.19357,44.15145],[-113.19332,44.15104],[-113.19399,44.15044],[-113.194,44.15007],[-113.19382,44.14954],[-113.19357,44.14938],[-113.19373,44.14876],[-113.19367,44.14831],[-113.19309,44.14766]]},"properties":{"gnis_name":null,"fcode":33600,"lengthkm":0.47278085000000003}},{"type":"Feature","geometry":{"type":"LineString","coordinates":[[-112.93551,43.68313],[-112.93549,43.69614],[-112.93564,43.69627],[-112.94532,43.69655]]},"properties":{"gnis_name":null,"fcode":33600,"lengthkm":2.24882238}},{"type":"Feature","geometry":{"type":"LineString","coordinates":[[-113.44772,43.78224],[-113.44717,43.7828],[-113.44727,43.78287],[-113.4471,43.78312],[-113.44658,43.78343],[-113.44684,43.78408],[-113.44658,43.78428]]},"properties":{"gnis_name":null,"fcode":33600,"lengthkm":0.29871626}},{"type":"Feature","geometry":{"type":"LineString","coordinates":[[-113.49508,43.84145],[-113.49385,43.84105],[-113.49352,43.84077],[-113.49345,43.84045],[-113.49076,43.83942],[-113.48948,43.83846],[-113.48875,43.83813],[-113.48848,43.83766],[-113.48748,43.83739],[-113.4868,43.83752],[-113.48634,43.83725],[-113.48583,43.83649],[-113.484,43.83551]]},"properties":{"gnis_name":"Darlington Ditch","fcode":33600,"lengthkm":1.1773213200000001}},{"type":"Feature","geometry":{"type":"LineString","coordinates":[[-113.83327,44.02598],[-113.83262,44.02455],[-113.82515,44.01881],[-113.82,44.01549],[-113.81984,44.01487],[-113.81923,44.01465],[-113.80942,44.0089],[-113.80566,44.00621],[-113.80386,44.00557],[-113.80381,44.00515],[-113.80009,44.00512],[-113.79925,44.00469],[-113.79904,44.00429],[-113.79903,44.00186]]},"properties":{"gnis_name":null,"fcode":33600,"lengthkm":4.07100498}},{"type":"Feature","geometry":{"type":"LineString","coordinates":[[-113.86936,44.13282],[-113.87096,44.133],[-113.8769,44.13473],[-113.88612,44.13472],[-113.89111,44.13425],[-113.89142,44.13443]]},"properties":{"gnis_name":null,"fcode":33600,"lengthkm":1.81040643}},{"type":"Feature","geometry":{"type":"LineString","coordinates":[[-113.35987,44.14805],[-113.36048,44.14825],[-113.36101,44.14874],[-113.36111,44.1491],[-113.36366,44.14992],[-113.36468,44.15071],[-113.36468,44.15108],[-113.36361,44.15256],[-113.36401,44.15287],[-113.36318,44.1532],[-113.36301,44.15341],[-113.36354,44.15415],[-113.36296,44.15515],[-113.36378,44.15544],[-113.36446,44.15611],[-113.36463,44.15735],[-113.36487,44.15788],[-113.36589,44.1581]]},"properties":{"gnis_name":null,"fcode":33600,"lengthkm":1.5839239299999999}},{"type":"Feature","geometry":{"type":"LineString","coordinates":[[-112.96411,43.81285],[-112.95923,43.81284]]},"properties":{"gnis_name":null,"fcode":33600,"lengthkm":0.39104879000000003}},{"type":"Feature","geometry":{"type":"LineString","coordinates":[[-113.03343,43.81043],[-113.03287,43.81052],[-113.03144,43.80975],[-113.02958,43.80995],[-113.02456,43.80956],[-113.01918,43.80956],[-113.00972,43.80723]]},"properties":{"gnis_name":null,"fcode":33600,"lengthkm":1.9788118200000002}},{"type":"Feature","geometry":{"type":"LineString","coordinates":[[-113.87366,44.07042],[-113.87352,44.07044]]},"properties":{"gnis_name":null,"fcode":33600,"lengthkm":0.011309950000000001}},{"type":"Feature","geometry":{"type":"LineString","coordinates":[[-113.00381,43.80591],[-113.00085,43.80594]]},"properties":{"gnis_name":null,"fcode":33600,"lengthkm":0.23700000000000002}},{"type":"Feature","geometry":{"type":"LineString","coordinates":[[-113.41559,43.59482],[-113.4157,43.59456],[-113.41559,43.57799],[-113.41483,43.57696],[-113.41553,43.57563],[-113.4149,43.57537],[-113.41327,43.57369],[-113.41342,43.57344],[-113.41314,43.57323],[-113.37594,43.57327]]},"properties":{"gnis_name":null,"fcode":33600,"lengthkm":5.52219387}},{"type":"Feature","geometry":{"type":"LineString","coordinates":[[-113.50635,43.60658],[-113.50484,43.60695],[-113.50158,43.60669],[-113.49991,43.60685]]},"properties":{"gnis_name":null,"fcode":33600,"lengthkm":0.527443}},{"type":"Feature","geometry":{"type":"LineString","coordinates":[[-112.92429,43.83759],[-112.92425,43.83544]]},"properties":{"gnis_name":null,"fcode":33600,"lengthkm":0.23995808}},{"type":"Feature","geometry":{"type":"LineString","coordinates":[[-112.98663,43.78326],[-112.98385,43.78329],[-112.98381,43.78304],[-112.9836,43.78292],[-112.98201,43.78284],[-112.97904,43.7811],[-112.97694,43.7807],[-112.97626,43.77993],[-112.97457,43.77924],[-112.96952,43.77931]]},"properties":{"gnis_name":null,"fcode":33600,"lengthkm":1.5536741299999999}},{"type":"Feature","geometry":{"type":"LineString","coordinates":[[-112.99228,43.84987],[-112.98517,43.84972],[-112.98305,43.85024],[-112.98047,43.85128],[-112.98003,43.85128],[-112.97354,43.8491],[-112.9726,43.84858],[-112.97174,43.84834],[-112.97077,43.84787],[-112.96933,43.84674],[-112.96589,43.84504],[-112.96384,43.84435]]},"properties":{"gnis_name":null,"fcode":33600,"lengthkm":2.5532754399999997}},{"type":"Feature","geometry":{"type":"LineString","coordinates":[[-113.47223,43.80739],[-113.47167,43.80719],[-113.47144,43.80682],[-113.4707,43.8066],[-113.47007,43.80598],[-113.46936,43.80571],[-113.46625,43.80336],[-113.46539,43.80255],[-113.46549,43.80196]]},"properties":{"gnis_name":"Darlington Ditch","fcode":33600,"lengthkm":0.86459131}},{"type":"Feature","geometry":{"type":"LineString","coordinates":[[-113.00085,43.80594],[-112.99862,43.80587],[-112.99834,43.80525],[-112.99583,43.80373],[-112.99397,43.8023]]},"properties":{"gnis_name":null,"fcode":33600,"lengthkm":0.7353483700000001}},{"type":"Feature","geometry":{"type":"LineString","coordinates":[[-112.95923,43.81284],[-112.95914,43.81308],[-112.95733,43.81381],[-112.95621,43.81496],[-112.95427,43.81556],[-112.95283,43.81567],[-112.9513,43.81658],[-112.9509,43.81699],[-112.95046,43.81787],[-112.94906,43.81956],[-112.94886,43.82011],[-112.94393,43.82011]]},"properties":{"gnis_name":null,"fcode":33600,"lengthkm":1.64357958}},{"type":"Feature","geometry":{"type":"LineString","coordinates":[[-112.97187,43.84848],[-112.97034,43.84771],[-112.96905,43.8467],[-112.96458,43.84468]]},"properties":{"gnis_name":null,"fcode":33600,"lengthkm":0.7301773800000001}},{"type":"Feature","geometry":{"type":"LineString","coordinates":[[-112.90536,43.69555],[-112.88527,43.6956]]},"properties":{"gnis_name":null,"fcode":33600,"lengthkm":1.6130373199999999}},{"type":"Feature","geometry":{"type":"LineString","coordinates":[[-113.87406,44.13765],[-113.87785,44.1388],[-113.8783,44.13964],[-113.87858,44.141],[-113.87887,44.14146]]},"properties":{"gnis_name":null,"fcode":33600,"lengthkm":0.64201756}},{"type":"Feature","geometry":{"type":"LineString","coordinates":[[-113.44483,43.77735],[-113.44592,43.77014],[-113.45012,43.77012],[-113.45101,43.77038],[-113.45154,43.77012],[-113.45261,43.77011]]},"properties":{"gnis_name":null,"fcode":33600,"lengthkm":1.36288539}},{"type":"Feature","geometry":{"type":"LineString","coordinates":[[-112.9617,43.5541],[-112.93732,43.56197]]},"properties":{"gnis_name":null,"fcode":33600,"lengthkm":2.14888072}},{"type":"Feature","geometry":{"type":"LineString","coordinates":[[-113.44324,43.81817],[-113.44384,43.81796],[-113.44465,43.81797],[-113.44608,43.8172],[-113.44939,43.81717],[-113.44943,43.81569],[-113.44896,43.81569],[-113.44898,43.81454],[-113.44958,43.81419],[-113.45081,43.81411],[-113.45213,43.81503],[-113.45259,43.81516],[-113.45372,43.81511],[-113.45496,43.81459],[-113.45611,43.81286],[-113.4561,43.81023],[-113.45594,43.80699],[-113.45469,43.80531]]},"properties":{"gnis_name":"Hanrahan Ditch","fcode":33600,"lengthkm":2.4980200200000002}},{"type":"Feature","geometry":{"type":"LineString","coordinates":[[-113.08086,43.85158],[-113.0798,43.84981],[-113.07862,43.84851],[-113.07653,43.84545],[-113.07612,43.84433],[-113.075,43.84237],[-113.07392,43.84101],[-113.0734,43.84007],[-113.07241,43.83903],[-113.07177,43.83792],[-113.0716,43.83696]]},"properties":{"gnis_name":null,"fcode":33600,"lengthkm":1.8067820900000002}},{"type":"Feature","geometry":{"type":"LineString","coordinates":[[-112.94873,43.84212],[-112.94627,43.84238],[-112.94165,43.84318]]},"properties":{"gnis_name":null,"fcode":33600,"lengthkm":0.58267917}},{"type":"Feature","geometry":{"type":"LineString","coordinates":[[-113.484,43.83551],[-113.48335,43.83419],[-113.48284,43.83379],[-113.48247,43.83292],[-113.48229,43.83156],[-113.48194,43.83125]]},"properties":{"gnis_name":"Darlington Ditch","fcode":33600,"lengthkm":0.51780238}},{"type":"Feature","geometry":{"type":"LineString","coordinates":[[-113.4645,43.91551],[-113.46213,43.91488]]},"properties":{"gnis_name":null,"fcode":33600,"lengthkm":0.20903935}},{"type":"Feature","geometry":{"type":"LineString","coordinates":[[-113.45123,43.79187],[-113.44988,43.79089],[-113.44928,43.78999],[-113.4475,43.78811],[-113.44663,43.7862],[-113.44745,43.7845]]},"properties":{"gnis_name":"Hanrahan Ditch","fcode":33600,"lengthkm":0.9543777800000001}},{"type":"Feature","geometry":{"type":"LineString","coordinates":[[-113.34387,44.16801],[-113.33798,44.17025],[-113.332,44.17281],[-113.32638,44.17652],[-113.32408,44.17768],[-113.32274,44.17814],[-113.32038,44.17845],[-113.32016,44.17867],[-113.31955,44.17883]]},"properties":{"gnis_name":null,"fcode":33600,"lengthkm":2.3206125099999997}},{"type":"Feature","geometry":{"type":"LineString","coordinates":[[-113.89016,44.06944],[-113.88924,44.06936],[-113.88836,44.06968],[-113.88574,44.06976],[-113.88426,44.07037],[-113.88373,44.07006],[-113.88262,44.06996],[-113.88096,44.07034],[-113.87366,44.07042]]},"properties":{"gnis_name":null,"fcode":33600,"lengthkm":1.3736179400000001}},{"type":"Feature","geometry":{"type":"LineString","coordinates":[[-113.35879,43.78605],[-113.3581,43.7854],[-113.35471,43.78414]]},"properties":{"gnis_name":"Spring Creek","fcode":33600,"lengthkm":0.39943841}},{"type":"Feature","geometry":{"type":"LineString","coordinates":[[-113.37518,43.75216],[-113.37586,43.75194]]},"properties":{"gnis_name":"Moore Canal","fcode":33600,"lengthkm":0.05942482}},{"type":"Feature","geometry":{"type":"LineString","coordinates":[[-113.47825,43.81116],[-113.47763,43.81046],[-113.47658,43.80976],[-113.47533,43.80932],[-113.47434,43.80869],[-113.4729,43.80814],[-113.47223,43.80739]]},"properties":{"gnis_name":"Darlington Ditch","fcode":33600,"lengthkm":0.6575845900000001}},{"type":"Feature","geometry":{"type":"LineString","coordinates":[[-113.76785,43.96911],[-113.76788,43.96877]]},"properties":{"gnis_name":null,"fcode":33600,"lengthkm":0.03870391000000001}},{"type":"Feature","geometry":{"type":"LineString","coordinates":[[-112.98387,43.84204],[-112.96798,43.84203],[-112.96798,43.84125]]},"properties":{"gnis_name":null,"fcode":33600,"lengthkm":1.35912208}},{"type":"Feature","geometry":{"type":"LineString","coordinates":[[-113.02081,43.87059],[-113.02101,43.87014],[-113.01991,43.86966],[-113.01917,43.86877],[-113.01664,43.86658],[-113.01119,43.86292]]},"properties":{"gnis_name":null,"fcode":33600,"lengthkm":1.19217828}},{"type":"Feature","geometry":{"type":"LineString","coordinates":[[-113.4808,43.75041],[-113.47955,43.75117],[-113.47877,43.75318],[-113.47791,43.75372],[-113.47788,43.75448],[-113.47686,43.75539],[-113.47668,43.75583],[-113.47582,43.75626],[-113.47431,43.75743],[-113.47329,43.75775],[-113.47271,43.75855],[-113.47163,43.75948],[-113.46932,43.76205]]},"properties":{"gnis_name":null,"fcode":33600,"lengthkm":1.6620211699999998}},{"type":"Feature","geometry":{"type":"LineString","coordinates":[[-113.43811,43.83835],[-113.43729,43.83756],[-113.43701,43.83667],[-113.43751,43.83556],[-113.43713,43.83487],[-113.43716,43.83452],[-113.43773,43.83368],[-113.43731,43.83298],[-113.43764,43.8293],[-113.43748,43.82852],[-113.43733,43.82822],[-113.4367,43.828],[-113.43576,43.82684],[-113.43487,43.82603],[-113.43436,43.82494],[-113.43368,43.82239],[-113.43394,43.82181],[-113.43546,43.82098],[-113.43517,43.81952],[-113.43371,43.81756],[-113.43389,43.8171],[-113.43468,43.81638],[-113.43477,43.816],[-113.43074,43.81236],[-113.43019,43.81158]]},"properties":{"gnis_name":"Three in One Ditch","fcode":33600,"lengthkm":3.39404577}},{"type":"Feature","geometry":{"type":"LineString","coordinates":[[-113.40073,43.60217],[-113.39294,43.6022]]},"properties":{"gnis_name":null,"fcode":33600,"lengthkm":0.6268806100000001}},{"type":"Feature","geometry":{"type":"LineString","coordinates":[[-113.36508,43.66722],[-113.35921,43.66721]]},"properties":{"gnis_name":null,"fcode":33600,"lengthkm":0.47134336}},{"type":"Feature","geometry":{"type":"LineString","coordinates":[[-113.77886,43.96692],[-113.77857,43.96668],[-113.77861,43.96536],[-113.77628,43.96451],[-113.77522,43.96443],[-113.77374,43.96511],[-113.77239,43.96542],[-113.77144,43.96546],[-113.77032,43.96597],[-113.76851,43.96757],[-113.76826,43.96755],[-113.76788,43.96877]]},"properties":{"gnis_name":null,"fcode":33600,"lengthkm":1.30425345}},{"type":"Feature","geometry":{"type":"LineString","coordinates":[[-113.38424,44.256],[-113.38397,44.25645],[-113.38357,44.2566],[-113.38085,44.25665],[-113.37586,44.25667],[-113.36989,44.25646],[-113.36679,44.25676],[-113.36267,44.25624],[-113.35821,44.25621]]},"properties":{"gnis_name":null,"fcode":33600,"lengthkm":2.12249023}},{"type":"Feature","geometry":{"type":"LineString","coordinates":[[-113.00401,43.84197],[-113.00398,43.83977],[-113.00328,43.83892],[-113.0039,43.83804],[-113.00385,43.83579],[-113.00373,43.83551],[-113.00295,43.83493]]},"properties":{"gnis_name":null,"fcode":33600,"lengthkm":0.84350442}},{"type":"Feature","geometry":{"type":"LineString","coordinates":[[-113.45403,43.58888],[-113.45344,43.58862],[-113.45291,43.58793],[-113.4514,43.58706],[-113.45133,43.58373],[-113.45065,43.58313],[-113.45009,43.58229],[-113.44889,43.58179],[-113.44778,43.58087],[-113.44714,43.58055]]},"properties":{"gnis_name":"Blaine Canal","fcode":33600,"lengthkm":1.18449066}},{"type":"Feature","geometry":{"type":"LineString","coordinates":[[-113.32842,43.73296],[-113.32873,43.73255],[-113.32871,43.73204],[-113.32866,43.73176],[-113.32807,43.73104],[-113.32828,43.73044],[-113.32811,43.7296],[-113.32832,43.72913],[-113.32807,43.72868]]},"properties":{"gnis_name":"East Side Ditch","fcode":33600,"lengthkm":0.5104020100000001}},{"type":"Feature","geometry":{"type":"LineString","coordinates":[[-113.87269,44.07062],[-113.87352,44.07044]]},"properties":{"gnis_name":null,"fcode":33600,"lengthkm":0.07219256}},{"type":"Feature","geometry":{"type":"LineString","coordinates":[[-113.26452,44.19225],[-113.26661,44.19159],[-113.2703,44.18921]]},"properties":{"gnis_name":null,"fcode":33600,"lengthkm":0.5808344799999999}},{"type":"Feature","geometry":{"type":"LineString","coordinates":[[-112.92425,43.83504],[-112.92379,43.83468],[-112.92422,43.83424],[-112.92425,43.83296],[-112.92415,43.83271],[-112.92367,43.83245]]},"properties":{"gnis_name":null,"fcode":33600,"lengthkm":0.3399399}},{"type":"Feature","geometry":{"type":"LineString","coordinates":[[-113.38253,43.84683],[-113.38099,43.84599],[-113.37933,43.84556],[-113.37743,43.84529],[-113.37656,43.84465],[-113.37627,43.84422],[-113.37572,43.84411],[-113.37568,43.84395]]},"properties":{"gnis_name":"Burnett Ditch","fcode":33600,"lengthkm":0.6768926500000001}},{"type":"Feature","geometry":{"type":"LineString","coordinates":[[-113.48018,43.82077],[-113.48038,43.82035],[-113.48037,43.8199],[-113.48087,43.81932],[-113.48077,43.81884],[-113.48097,43.81865],[-113.48115,43.81759],[-113.48143,43.81725],[-113.48101,43.81664],[-113.48123,43.81592],[-113.48087,43.81473],[-113.48118,43.81413]]},"properties":{"gnis_name":"Darlington Ditch","fcode":33600,"lengthkm":0.79646632}},{"type":"Feature","geometry":{"type":"LineString","coordinates":[[-113.00972,43.80723],[-113.00407,43.80679],[-113.00085,43.80594]]},"properties":{"gnis_name":null,"fcode":33600,"lengthkm":0.73206859}},{"type":"Feature","geometry":{"type":"LineString","coordinates":[[-113.18418,44.13754],[-113.18435,44.13682],[-113.18507,44.13659],[-113.18555,44.13625],[-113.18611,44.13558],[-113.18616,44.13532],[-113.1874,44.13481],[-113.188,44.13403],[-113.18885,44.13367]]},"properties":{"gnis_name":"Williams Creek","fcode":33600,"lengthkm":0.6154447300000001}},{"type":"Feature","geometry":{"type":"LineString","coordinates":[[-113.36613,43.74427],[-113.36335,43.74427],[-113.36294,43.74413],[-113.36279,43.74383],[-113.36287,43.74323],[-113.36259,43.74186],[-113.36189,43.74081],[-113.36156,43.73972],[-113.36152,43.73912],[-113.36315,43.73718],[-113.36385,43.73676],[-113.36469,43.73587],[-113.36493,43.73497],[-113.3649,43.7345]]},"properties":{"gnis_name":null,"fcode":33600,"lengthkm":1.443417}},{"type":"Feature","geometry":{"type":"LineString","coordinates":[[-112.93568,43.63111],[-112.93569,43.63224],[-112.93555,43.63267],[-112.93115,43.63667],[-112.93073,43.63761]]},"properties":{"gnis_name":null,"fcode":33600,"lengthkm":0.85554315}},{"type":"Feature","geometry":{"type":"LineString","coordinates":[[-113.06827,43.87004],[-113.06751,43.86906]]},"properties":{"gnis_name":null,"fcode":33600,"lengthkm":0.12609406}},{"type":"Feature","geometry":{"type":"LineString","coordinates":[[-112.99418,43.84206],[-112.99381,43.84205]]},"properties":{"gnis_name":null,"fcode":33600,"lengthkm":0.030000000000000002}},{"type":"Feature","geometry":{"type":"LineString","coordinates":[[-112.90549,43.68084],[-112.90551,43.68109]]},"properties":{"gnis_name":null,"fcode":33600,"lengthkm":0.02859107}},{"type":"Feature","geometry":{"type":"LineString","coordinates":[[-113.45759,43.76821],[-113.45728,43.76879],[-113.45607,43.7697],[-113.45593,43.77011],[-113.45574,43.77019]]},"properties":{"gnis_name":null,"fcode":33600,"lengthkm":0.27736627999999997}},{"type":"Feature","geometry":{"type":"LineString","coordinates":[[-113.45075,43.85767],[-113.44645,43.85673]]},"properties":{"gnis_name":"McGowan Ditch","fcode":33600,"lengthkm":0.35975565000000004}},{"type":"Feature","geometry":{"type":"LineString","coordinates":[[-113.32293,43.61681],[-113.32276,43.61633],[-113.32227,43.61593],[-113.3224,43.61534],[-113.32224,43.61492],[-113.32157,43.61433],[-113.32152,43.6133],[-113.3212,43.61294],[-113.32118,43.61259],[-113.32038,43.61251],[-113.31997,43.61219],[-113.31968,43.61163],[-113.31973,43.61069],[-113.31954,43.61011],[-113.31838,43.60992],[-113.31808,43.60942],[-113.31708,43.60909],[-113.31644,43.60845],[-113.31661,43.60438],[-113.3162,43.60409],[-113.31619,43.58792]]},"properties":{"gnis_name":"Munsey Ditch","fcode":33600,"lengthkm":3.53595318}},{"type":"Feature","geometry":{"type":"LineString","coordinates":[[-113.37618,43.75185],[-113.37602,43.73268]]},"properties":{"gnis_name":null,"fcode":33600,"lengthkm":2.13885126}},{"type":"Feature","geometry":{"type":"LineString","coordinates":[[-113.41555,43.61948],[-113.41578,43.61872],[-113.41572,43.61811]]},"properties":{"gnis_name":null,"fcode":33600,"lengthkm":0.15657929}},{"type":"Feature","geometry":{"type":"LineString","coordinates":[[-112.90524,43.73388],[-112.90524,43.73969]]},"properties":{"gnis_name":null,"fcode":33600,"lengthkm":0.648}},{"type":"Feature","geometry":{"type":"LineString","coordinates":[[-113.35607,43.68171],[-113.35745,43.68168]]},"properties":{"gnis_name":null,"fcode":33600,"lengthkm":0.11087746000000001}},{"type":"Feature","geometry":{"type":"LineString","coordinates":[[-113.36026,43.79485],[-113.35979,43.79431]]},"properties":{"gnis_name":"Burnett Ditch","fcode":33600,"lengthkm":0.07140939}},{"type":"Feature","geometry":{"type":"LineString","coordinates":[[-113.46143,43.91431],[-113.46011,43.91374],[-113.45758,43.91313],[-113.45604,43.91313],[-113.45446,43.91288],[-113.45275,43.91316],[-113.45093,43.91398],[-113.45065,43.9143]]},"properties":{"gnis_name":null,"fcode":33600,"lengthkm":0.95567227}},{"type":"Feature","geometry":{"type":"LineString","coordinates":[[-113.87887,44.14146],[-113.88346,44.14069]]},"properties":{"gnis_name":"Rock Creek","fcode":33600,"lengthkm":0.37602932}},{"type":"Feature","geometry":{"type":"LineString","coordinates":[[-112.99418,43.84206],[-112.99403,43.83496]]},"properties":{"gnis_name":null,"fcode":33600,"lengthkm":0.7926739400000001}},{"type":"Feature","geometry":{"type":"LineString","coordinates":[[-113.33938,43.68897],[-113.33905,43.68845],[-113.33899,43.68576],[-113.33838,43.68337],[-113.33835,43.68067],[-113.33791,43.67993],[-113.33698,43.67931],[-113.33599,43.67833],[-113.33571,43.67652],[-113.33681,43.67375],[-113.33691,43.67202],[-113.33886,43.66745],[-113.33884,43.66645],[-113.33864,43.66603],[-113.33637,43.6642],[-113.33379,43.66312],[-113.3333,43.66252],[-113.33338,43.66191],[-113.33445,43.6594],[-113.33464,43.65834],[-113.33457,43.65785],[-113.33396,43.65709],[-113.33381,43.65635],[-113.33401,43.65413],[-113.33436,43.65258]]},"properties":{"gnis_name":"East Side Ditch","fcode":33600,"lengthkm":4.42216926}},{"type":"Feature","geometry":{"type":"LineString","coordinates":[[-113.61217,43.95251],[-113.6119,43.9528],[-113.6116,43.95362],[-113.61118,43.95377],[-113.61043,43.95286],[-113.61008,43.95343],[-113.60969,43.95299],[-113.60924,43.95283],[-113.60882,43.95232],[-113.60764,43.95223]]},"properties":{"gnis_name":null,"fcode":33600,"lengthkm":0.63157118}},{"type":"Feature","geometry":{"type":"LineString","coordinates":[[-113.37032,44.23765],[-113.36834,44.23737],[-113.36679,44.23669],[-113.36602,44.23658],[-113.36529,44.23668],[-113.36507,44.23709],[-113.36461,44.23738],[-113.36213,44.23757],[-113.36153,44.23736],[-113.36107,44.23694],[-113.36036,44.23679],[-113.35939,44.23688],[-113.35846,44.23747],[-113.35807,44.23753]]},"properties":{"gnis_name":null,"fcode":33600,"lengthkm":1.11279106}},{"type":"Feature","geometry":{"type":"LineString","coordinates":[[-112.901,43.6521],[-112.90666,43.6521]]},"properties":{"gnis_name":null,"fcode":33600,"lengthkm":0.45411883000000003}},{"type":"Feature","geometry":{"type":"LineString","coordinates":[[-113.53547,43.86357],[-113.52834,43.85793],[-113.52779,43.85628],[-113.52653,43.85432],[-113.52646,43.85334],[-113.5258,43.85299]]},"properties":{"gnis_name":"Darlington Ditch","fcode":33600,"lengthkm":1.46133313}},{"type":"Feature","geometry":{"type":"LineString","coordinates":[[-114.03901,44.08313],[-114.03849,44.08293],[-114.03706,44.0829],[-114.03624,44.08256],[-114.03167,44.08232],[-114.02753,44.08112],[-114.02594,44.08031],[-114.02543,44.07985],[-114.02565,44.0795],[-114.02654,44.0791],[-114.02657,44.07897],[-114.02638,44.07888],[-114.02231,44.07913],[-114.02034,44.07847],[-114.01871,44.07756],[-114.01772,44.07657],[-114.0172,44.07522],[-114.0165,44.07438],[-114.01641,44.07361],[-114.01708,44.07293],[-114.01786,44.07249]]},"properties":{"gnis_name":null,"fcode":33600,"lengthkm":2.68319029}},{"type":"Feature","geometry":{"type":"LineString","coordinates":[[-113.3508,43.77802],[-113.35158,43.7771],[-113.35167,43.77679],[-113.35158,43.77492],[-113.35088,43.77087],[-113.35057,43.76785],[-113.34984,43.76712],[-113.34965,43.76651],[-113.34994,43.76256],[-113.35018,43.76162],[-113.3501,43.76101],[-113.34966,43.76043],[-113.34945,43.75985],[-113.34936,43.75778],[-113.35126,43.75776],[-113.35128,43.75404],[-113.3524,43.75387],[-113.35302,43.75309],[-113.35383,43.75258],[-113.35384,43.7524],[-113.35336,43.75168],[-113.35378,43.75017],[-113.35336,43.74845],[-113.353,43.74782],[-113.3529,43.74686],[-113.35303,43.7465],[-113.35181,43.74469],[-113.35177,43.73723],[-113.35151,43.73674],[-113.35187,43.73481],[-113.35251,43.73338],[-113.35262,43.7322],[-113.35338,43.73093],[-113.35377,43.72984],[-113.35396,43.72888],[-113.35383,43.72584],[-113.35274,43.72345],[-113.35206,43.72223],[-113.35168,43.72192],[-113.35144,43.71795]]},"properties":{"gnis_name":"Island Ditch","fcode":33600,"lengthkm":7.17238294}},{"type":"Feature","geometry":{"type":"LineString","coordinates":[[-113.06954,43.87035],[-113.06903,43.8706],[-113.06851,43.87023]]},"properties":{"gnis_name":null,"fcode":33600,"lengthkm":0.10931448}},{"type":"Feature","geometry":{"type":"LineString","coordinates":[[-113.45805,43.60364],[-113.45784,43.60348]]},"properties":{"gnis_name":"Blaine Canal","fcode":33600,"lengthkm":0.024339180000000002}},{"type":"Feature","geometry":{"type":"LineString","coordinates":[[-113.57819,43.90944],[-113.58551,43.90939],[-113.58973,43.90996],[-113.59253,43.91124],[-113.59374,43.91208],[-113.59431,43.91282],[-113.59542,43.91373],[-113.59572,43.91477],[-113.59595,43.91505],[-113.59586,43.91554],[-113.59599,43.91612],[-113.59727,43.91647],[-113.59789,43.91692],[-113.5985,43.91706],[-113.59869,43.91746],[-113.59911,43.91769],[-113.59979,43.91748],[-113.60089,43.91799],[-113.60132,43.91797],[-113.60266,43.91845]]},"properties":{"gnis_name":"Sharp Ditch","fcode":33600,"lengthkm":2.4965630500000002}},{"type":"Feature","geometry":{"type":"LineString","coordinates":[[-113.89599,44.13345],[-113.89647,44.13398],[-113.89667,44.1346],[-113.8977,44.13558],[-113.90178,44.13578],[-113.90464,44.13575],[-113.90465,44.13444],[-113.90541,44.13448]]},"properties":{"gnis_name":"Rock Creek","fcode":33600,"lengthkm":1.04054026}},{"type":"Feature","geometry":{"type":"LineString","coordinates":[[-113.39933,43.68897],[-113.37789,43.68894],[-113.37772,43.68496],[-113.38117,43.68495],[-113.38114,43.68177],[-113.38002,43.68163],[-113.37999,43.68072],[-113.37925,43.68045],[-113.37924,43.67834],[-113.3791,43.67824]]},"properties":{"gnis_name":null,"fcode":33600,"lengthkm":3.31763215}},{"type":"Feature","geometry":{"type":"LineString","coordinates":[[-112.98493,43.82755],[-112.974,43.82762],[-112.93462,43.82718],[-112.93207,43.82736],[-112.9212,43.82735],[-112.91958,43.82661]]},"properties":{"gnis_name":null,"fcode":33600,"lengthkm":5.264784730000001}},{"type":"Feature","geometry":{"type":"LineString","coordinates":[[-113.21441,43.965],[-113.21345,43.9645],[-113.2129,43.96369],[-113.21029,43.96273],[-113.2082,43.96106],[-113.20661,43.96003],[-113.20437,43.95804],[-113.20386,43.95736],[-113.20256,43.95639],[-113.20242,43.95604],[-113.20183,43.95543],[-113.20182,43.95508],[-113.20132,43.95468],[-113.20056,43.95356],[-113.20028,43.95289],[-113.2003,43.95253],[-113.19971,43.95161],[-113.19964,43.95078]]},"properties":{"gnis_name":null,"fcode":33600,"lengthkm":2.06492617}},{"type":"Feature","geometry":{"type":"LineString","coordinates":[[-113.35416,43.69618],[-113.34902,43.69617]]},"properties":{"gnis_name":null,"fcode":33600,"lengthkm":0.41225484}},{"type":"Feature","geometry":{"type":"LineString","coordinates":[[-113.36754,43.68085],[-113.36862,43.68162],[-113.3716,43.68168]]},"properties":{"gnis_name":null,"fcode":33600,"lengthkm":0.36157372000000004}},{"type":"Feature","geometry":{"type":"LineString","coordinates":[[-113.41129,43.84989],[-113.41132,43.84227]]},"properties":{"gnis_name":"McGowan Ditch","fcode":33600,"lengthkm":0.8500543}},{"type":"Feature","geometry":{"type":"LineString","coordinates":[[-113.57839,43.91213],[-113.5783,43.91078]]},"properties":{"gnis_name":"Nielsen Ditch","fcode":33600,"lengthkm":0.15049562}},{"type":"Feature","geometry":{"type":"LineString","coordinates":[[-113.31776,43.58776],[-113.32636,43.58779]]},"properties":{"gnis_name":null,"fcode":33600,"lengthkm":0.69170544}},{"type":"Feature","geometry":{"type":"LineString","coordinates":[[-113.53268,43.90317],[-113.53259,43.90204]]},"properties":{"gnis_name":"Swauger Ditch","fcode":33600,"lengthkm":0.12568548000000002}},{"type":"Feature","geometry":{"type":"LineString","coordinates":[[-113.38562,43.74348],[-113.38547,43.74285],[-113.38559,43.74255],[-113.38689,43.74139],[-113.38757,43.74105],[-113.38761,43.74061],[-113.3879,43.7401],[-113.38904,43.73878],[-113.38901,43.7384],[-113.38949,43.73757],[-113.38872,43.73553],[-113.38773,43.73403],[-113.3862,43.73328],[-113.38523,43.73261],[-113.38472,43.73153],[-113.38411,43.73108],[-113.38255,43.72853],[-113.38253,43.72813],[-113.38223,43.72768],[-113.38228,43.72735],[-113.38139,43.72612],[-113.38125,43.72518],[-113.38064,43.7246],[-113.38065,43.72406],[-113.38007,43.72352],[-113.37969,43.72288],[-113.3797,43.72251],[-113.37926,43.72136],[-113.37887,43.71867],[-113.3792,43.71646],[-113.37984,43.71392],[-113.38205,43.71084]]},"properties":{"gnis_name":"Moore Canal","fcode":33600,"lengthkm":4.06498785}},{"type":"Feature","geometry":{"type":"LineString","coordinates":[[-113.24158,43.61458],[-113.23912,43.61439],[-113.23653,43.61496]]},"properties":{"gnis_name":"Arco Canal","fcode":33600,"lengthkm":0.41655748000000004}},{"type":"Feature","geometry":{"type":"LineString","coordinates":[[-113.37618,43.75185],[-113.38008,43.75071],[-113.38091,43.75018],[-113.38292,43.7498],[-113.38431,43.74871],[-113.38616,43.74794],[-113.38595,43.74651],[-113.38527,43.74497],[-113.38562,43.74348]]},"properties":{"gnis_name":"Moore Canal","fcode":33600,"lengthkm":1.4487929000000002}},{"type":"Feature","geometry":{"type":"LineString","coordinates":[[-112.96462,43.71423],[-112.96451,43.71404],[-112.96467,43.71326],[-112.96567,43.71281]]},"properties":{"gnis_name":null,"fcode":33600,"lengthkm":0.20661518}},{"type":"Feature","geometry":{"type":"LineString","coordinates":[[-113.20234,43.93023],[-113.20187,43.92997],[-113.20164,43.92871]]},"properties":{"gnis_name":null,"fcode":33600,"lengthkm":0.19115653000000002}},{"type":"Feature","geometry":{"type":"LineString","coordinates":[[-113.01374,43.85679],[-113.01374,43.85669]]},"properties":{"gnis_name":null,"fcode":33600,"lengthkm":0.011630640000000001}},{"type":"Feature","geometry":{"type":"LineString","coordinates":[[-113.03384,43.97694],[-113.03922,43.97607],[-113.04123,43.97607]]},"properties":{"gnis_name":null,"fcode":33600,"lengthkm":0.6053717500000001}},{"type":"Feature","geometry":{"type":"LineString","coordinates":[[-113.37157,43.68895],[-113.37291,43.68894]]},"properties":{"gnis_name":null,"fcode":33600,"lengthkm":0.10787421000000001}},{"type":"Feature","geometry":{"type":"LineString","coordinates":[[-113.41288,43.65051],[-113.4128,43.64974],[-113.41308,43.64574],[-113.41503,43.64211],[-113.41586,43.6399],[-113.41583,43.62984]]},"properties":{"gnis_name":"Moore Canal","fcode":33600,"lengthkm":2.34523392}},{"type":"Feature","geometry":{"type":"LineString","coordinates":[[-113.36271,43.77968],[-113.363,43.77938],[-113.3625,43.77848],[-113.36269,43.77791],[-113.36263,43.77717],[-113.36228,43.77672],[-113.36128,43.77607],[-113.3614,43.7754],[-113.3613,43.77488],[-113.36153,43.77392],[-113.36144,43.77358],[-113.36049,43.77233],[-113.36044,43.7704],[-113.36085,43.76985],[-113.36099,43.76923],[-113.36167,43.76881],[-113.36214,43.7677],[-113.36203,43.76674],[-113.36241,43.76382],[-113.36229,43.76309],[-113.36193,43.7625],[-113.36209,43.76208],[-113.36339,43.76066],[-113.36362,43.76003],[-113.36436,43.75917],[-113.3646,43.75834],[-113.36648,43.75725],[-113.36676,43.75622]]},"properties":{"gnis_name":"Moore Canal","fcode":33600,"lengthkm":2.88533157}},{"type":"Feature","geometry":{"type":"LineString","coordinates":[[-113.58131,43.95093],[-113.58014,43.92769],[-113.57839,43.91213]]},"properties":{"gnis_name":"Nielsen Ditch","fcode":33600,"lengthkm":4.3357997600000004}},{"type":"Feature","geometry":{"type":"LineString","coordinates":[[-113.48194,43.83125],[-113.48122,43.82961],[-113.48068,43.829]]},"properties":{"gnis_name":"Darlington Ditch","fcode":33600,"lengthkm":0.27503918000000005}},{"type":"Feature","geometry":{"type":"LineString","coordinates":[[-113.82772,44.02435],[-113.82445,44.02365],[-113.82239,44.0237],[-113.81576,44.02626]]},"properties":{"gnis_name":null,"fcode":33600,"lengthkm":1.04106587}},{"type":"Feature","geometry":{"type":"LineString","coordinates":[[-112.92429,43.83759],[-112.9182,43.83393],[-112.91536,43.83293],[-112.91473,43.83247],[-112.91381,43.83214],[-112.91174,43.8317]]},"properties":{"gnis_name":null,"fcode":33600,"lengthkm":1.22418438}},{"type":"Feature","geometry":{"type":"LineString","coordinates":[[-113.22686,43.60998],[-113.22611,43.60832],[-113.22675,43.60784],[-113.22669,43.6061],[-113.22543,43.60472],[-113.22382,43.60422],[-113.22382,43.60356],[-113.22246,43.60277],[-113.22147,43.6016],[-113.22069,43.60139],[-113.22066,43.60108],[-113.21866,43.60034],[-113.21564,43.59885],[-113.2137,43.59856],[-113.21191,43.59804],[-113.21084,43.5975],[-113.21077,43.5972],[-113.21157,43.59555],[-113.2123,43.59551],[-113.2125,43.59586],[-113.21343,43.59557],[-113.21409,43.5944],[-113.21554,43.59433],[-113.21587,43.59397],[-113.21624,43.59384],[-113.21633,43.59296],[-113.21718,43.59226]]},"properties":{"gnis_name":"Arco Canal","fcode":33600,"lengthkm":3.12353899}},{"type":"Feature","geometry":{"type":"LineString","coordinates":[[-113.58136,43.955],[-113.58075,43.95499],[-113.5795,43.95285],[-113.57948,43.95256],[-113.57991,43.95089],[-113.58131,43.95093]]},"properties":{"gnis_name":null,"fcode":33600,"lengthkm":0.6484028}},{"type":"Feature","geometry":{"type":"LineString","coordinates":[[-112.92848,43.83614],[-112.92546,43.83565],[-112.92425,43.83504]]},"properties":{"gnis_name":null,"fcode":33600,"lengthkm":0.37566174}},{"type":"Feature","geometry":{"type":"LineString","coordinates":[[-113.36408,43.68168],[-113.36402,43.68018],[-113.36421,43.67978],[-113.36433,43.67845],[-113.36439,43.67638],[-113.36426,43.67605],[-113.3644,43.67457]]},"properties":{"gnis_name":null,"fcode":33600,"lengthkm":0.80026554}},{"type":"Feature","geometry":{"type":"LineString","coordinates":[[-113.40856,43.65275],[-113.396,43.65284]]},"properties":{"gnis_name":"Lower Blaine Canal","fcode":33600,"lengthkm":1.00835006}},{"type":"Feature","geometry":{"type":"LineString","coordinates":[[-113.49122,43.90612],[-113.49058,43.90513],[-113.49032,43.90436],[-113.48969,43.90406],[-113.48829,43.90295],[-113.48771,43.90213],[-113.48573,43.90041],[-113.48454,43.89874],[-113.48238,43.89677],[-113.47918,43.89443],[-113.4773,43.89283],[-113.47237,43.88964],[-113.4689,43.88832],[-113.46886,43.888],[-113.46674,43.88695],[-113.46547,43.88587],[-113.46501,43.88568],[-113.46457,43.88514],[-113.46404,43.88486],[-113.46242,43.8842],[-113.4616,43.88367],[-113.46031,43.8833],[-113.45884,43.88308],[-113.45856,43.88317]]},"properties":{"gnis_name":"Burnett Ditch","fcode":33600,"lengthkm":3.8146391}},{"type":"Feature","geometry":{"type":"LineString","coordinates":[[-113.06803,43.86985],[-113.06741,43.86936]]},"properties":{"gnis_name":null,"fcode":33600,"lengthkm":0.07335194}},{"type":"Feature","geometry":{"type":"LineString","coordinates":[[-113.08522,43.86507],[-113.08632,43.86462],[-113.08735,43.86323],[-113.08701,43.86227],[-113.08718,43.8612],[-113.08708,43.86035],[-113.08742,43.85759],[-113.08776,43.85673],[-113.08749,43.85511],[-113.08761,43.85484],[-113.08616,43.852],[-113.08585,43.85166],[-113.08563,43.85097]]},"properties":{"gnis_name":null,"fcode":33600,"lengthkm":1.69300161}},{"type":"Feature","geometry":{"type":"LineString","coordinates":[[-112.98386,43.83498],[-112.96392,43.83494]]},"properties":{"gnis_name":null,"fcode":33600,"lengthkm":1.5977287800000002}},{"type":"Feature","geometry":{"type":"LineString","coordinates":[[-113.08473,43.86831],[-113.08456,43.86711],[-113.08485,43.86623],[-113.08495,43.86499],[-113.08465,43.86378],[-113.0843,43.86045],[-113.08297,43.85631],[-113.08254,43.85633]]},"properties":{"gnis_name":null,"fcode":33600,"lengthkm":1.39567277}},{"type":"Feature","geometry":{"type":"LineString","coordinates":[[-112.99397,43.8023],[-112.98273,43.80233]]},"properties":{"gnis_name":null,"fcode":33600,"lengthkm":0.90575002}},{"type":"Feature","geometry":{"type":"LineString","coordinates":[[-112.98273,43.80233],[-112.98136,43.80098],[-112.98111,43.80028],[-112.98133,43.79376]]},"properties":{"gnis_name":null,"fcode":33600,"lengthkm":0.9952009500000001}},{"type":"Feature","geometry":{"type":"LineString","coordinates":[[-113.37099,44.16147],[-113.36988,44.1612],[-113.36944,44.16065],[-113.36949,44.16028],[-113.36937,44.16016],[-113.36884,44.16012],[-113.36714,44.15916],[-113.36633,44.15895],[-113.36589,44.1581]]},"properties":{"gnis_name":"Dry Creek Canal","fcode":33600,"lengthkm":0.61198403}},{"type":"Feature","geometry":{"type":"LineString","coordinates":[[-112.92425,43.83544],[-112.92425,43.83504]]},"properties":{"gnis_name":null,"fcode":33600,"lengthkm":0.045000000000000005}},{"type":"Feature","geometry":{"type":"LineString","coordinates":[[-112.9739,43.80926],[-112.9739,43.80914]]},"properties":{"gnis_name":null,"fcode":33600,"lengthkm":0.014}},{"type":"Feature","geometry":{"type":"LineString","coordinates":[[-113.39269,43.6022],[-113.38718,43.6022],[-113.38689,43.60179],[-113.38593,43.60119],[-113.38463,43.60091],[-113.3829,43.60083],[-113.37945,43.59928],[-113.37775,43.59917],[-113.37631,43.59931],[-113.37601,43.59947]]},"properties":{"gnis_name":null,"fcode":33600,"lengthkm":1.45977305}},{"type":"Feature","geometry":{"type":"LineString","coordinates":[[-113.45751,43.89337],[-113.45751,43.89048],[-113.45739,43.89024],[-113.4575,43.88845],[-113.45776,43.88805],[-113.45847,43.88797],[-113.4585,43.88763],[-113.45838,43.88759],[-113.45854,43.88715],[-113.45932,43.88662],[-113.45911,43.88647],[-113.45915,43.8861],[-113.4589,43.88592],[-113.45894,43.8852],[-113.45916,43.88511],[-113.45878,43.88458]]},"properties":{"gnis_name":null,"fcode":33600,"lengthkm":1.14734164}},{"type":"Feature","geometry":{"type":"LineString","coordinates":[[-113.48134,43.58284],[-113.4824,43.58311],[-113.48343,43.58248],[-113.48414,43.5824],[-113.48622,43.58292],[-113.48849,43.58307],[-113.48893,43.58328],[-113.49073,43.58305],[-113.4916,43.58312],[-113.49223,43.58352],[-113.49418,43.58401],[-113.49576,43.58344]]},"properties":{"gnis_name":null,"fcode":33600,"lengthkm":1.28012063}},{"type":"Feature","geometry":{"type":"LineString","coordinates":[[-113.88346,44.14069],[-113.88382,44.14019],[-113.88603,44.13881],[-113.88736,44.13899],[-113.88866,44.13887],[-113.88945,44.13808],[-113.89097,44.13602],[-113.89191,44.1343]]},"properties":{"gnis_name":"Rock Creek","fcode":33600,"lengthkm":1.09831284}},{"type":"Feature","geometry":{"type":"LineString","coordinates":[[-113.1111,44.00824],[-113.11524,44.009]]},"properties":{"gnis_name":null,"fcode":33600,"lengthkm":0.34254745000000003}},{"type":"Feature","geometry":{"type":"LineString","coordinates":[[-113.41554,43.60279],[-113.41557,43.60272]]},"properties":{"gnis_name":null,"fcode":33600,"lengthkm":0.0071898000000000005}},{"type":"Feature","geometry":{"type":"LineString","coordinates":[[-112.90127,43.63766],[-112.91313,43.63766]]},"properties":{"gnis_name":null,"fcode":33600,"lengthkm":0.9527745}},{"type":"Feature","geometry":{"type":"LineString","coordinates":[[-113.37291,43.68894],[-113.37293,43.68529],[-113.37475,43.68527],[-113.37476,43.68472],[-113.37619,43.68377],[-113.37617,43.68176]]},"properties":{"gnis_name":null,"fcode":33600,"lengthkm":0.9945917200000001}},{"type":"Feature","geometry":{"type":"LineString","coordinates":[[-113.67498,44.00486],[-113.67552,44.00455],[-113.6769,44.00426],[-113.67797,44.00423],[-113.67826,44.00391],[-113.67924,44.00357],[-113.68066,44.00338],[-113.68064,44.003]]},"properties":{"gnis_name":null,"fcode":33600,"lengthkm":0.5507288600000001}},{"type":"Feature","geometry":{"type":"LineString","coordinates":[[-112.90536,43.69555],[-112.9053,43.71208]]},"properties":{"gnis_name":null,"fcode":33600,"lengthkm":1.84401313}},{"type":"Feature","geometry":{"type":"LineString","coordinates":[[-113.30776,43.58798],[-113.30641,43.588],[-113.30638,43.5843],[-113.30026,43.58433]]},"properties":{"gnis_name":null,"fcode":33600,"lengthkm":1.0138169000000001}},{"type":"Feature","geometry":{"type":"LineString","coordinates":[[-113.59524,43.89868],[-113.59442,43.89912],[-113.59371,43.89926],[-113.59286,43.89893],[-113.59081,43.89903],[-113.58896,43.89863],[-113.5841,43.89998],[-113.58326,43.89995],[-113.58143,43.89918],[-113.5774,43.89849],[-113.57382,43.8966],[-113.57185,43.89588],[-113.56844,43.89596],[-113.56257,43.89573],[-113.5594,43.89576],[-113.55835,43.89562],[-113.55662,43.89509],[-113.555,43.89507],[-113.55432,43.89487],[-113.55406,43.89487],[-113.55383,43.89521],[-113.55177,43.8951],[-113.55086,43.89451],[-113.54974,43.89446],[-113.54462,43.89568],[-113.54294,43.89591],[-113.53858,43.89554],[-113.5376,43.8952],[-113.53494,43.8952],[-113.53378,43.89577],[-113.53312,43.89639],[-113.53185,43.89714],[-113.53102,43.89734],[-113.52947,43.89822],[-113.5287,43.89833],[-113.52496,43.89959],[-113.52471,43.89983],[-113.52483,43.90006]]},"properties":{"gnis_name":"Burnett Ditch","fcode":33600,"lengthkm":6.16654296}},{"type":"Feature","geometry":{"type":"LineString","coordinates":[[-112.96567,43.71281],[-112.96657,43.71182],[-112.96679,43.71128],[-112.96627,43.71068],[-112.96624,43.70989],[-112.96437,43.7081],[-112.96462,43.70728],[-112.9645,43.70703],[-112.96275,43.7063],[-112.96198,43.7052],[-112.9591,43.70418],[-112.95832,43.70223],[-112.95694,43.70088],[-112.9564,43.70086],[-112.95518,43.70116],[-112.95434,43.70094],[-112.95346,43.69993],[-112.95088,43.69618],[-112.95096,43.69536],[-112.95165,43.69445],[-112.95315,43.69301],[-112.9523,43.69134],[-112.95245,43.69083],[-112.95326,43.69003],[-112.95319,43.68923],[-112.95304,43.6887],[-112.95229,43.68821],[-112.95279,43.68748],[-112.95342,43.68715],[-112.95337,43.68658],[-112.95414,43.6849],[-112.95578,43.68392],[-112.95584,43.68319],[-112.95615,43.68247]]},"properties":{"gnis_name":null,"fcode":33600,"lengthkm":4.31372232}},{"type":"Feature","geometry":{"type":"LineString","coordinates":[[-113.83803,44.14797],[-113.83859,44.14811],[-113.84109,44.14724],[-113.84205,44.14715],[-113.84822,44.14781],[-113.85799,44.14524],[-113.87887,44.14146]]},"properties":{"gnis_name":"Rock Creek","fcode":33600,"lengthkm":3.39733621}},{"type":"Feature","geometry":{"type":"LineString","coordinates":[[-113.46596,44.29781],[-113.46561,44.29757],[-113.46566,44.29675],[-113.46479,44.29593],[-113.46006,44.29388]]},"properties":{"gnis_name":null,"fcode":33600,"lengthkm":0.68912178}},{"type":"Feature","geometry":{"type":"LineString","coordinates":[[-112.91645,43.66046],[-112.91566,43.66077],[-112.91529,43.66169],[-112.91304,43.66378],[-112.91278,43.66417],[-112.91279,43.66487]]},"properties":{"gnis_name":null,"fcode":33600,"lengthkm":0.60401857}},{"type":"Feature","geometry":{"type":"LineString","coordinates":[[-112.90524,43.73188],[-112.90524,43.73388]]},"properties":{"gnis_name":null,"fcode":33600,"lengthkm":0.223}},{"type":"Feature","geometry":{"type":"LineString","coordinates":[[-113.10123,44.00311],[-113.10181,44.00355],[-113.10322,44.0041],[-113.10548,44.0044],[-113.10747,44.00512],[-113.10911,44.00633],[-113.11036,44.00776],[-113.1111,44.00824]]},"properties":{"gnis_name":null,"fcode":33600,"lengthkm":1.0170307299999999}},{"type":"Feature","geometry":{"type":"LineString","coordinates":[[-113.01304,43.85857],[-113.01372,43.85697]]},"properties":{"gnis_name":null,"fcode":33600,"lengthkm":0.18725888000000002}},{"type":"Feature","geometry":{"type":"LineString","coordinates":[[-112.9739,43.80914],[-112.96411,43.81285]]},"properties":{"gnis_name":null,"fcode":33600,"lengthkm":0.8877598200000001}},{"type":"Feature","geometry":{"type":"LineString","coordinates":[[-113.01372,43.85697],[-113.01374,43.85679]]},"properties":{"gnis_name":null,"fcode":33600,"lengthkm":0.02}},{"type":"Feature","geometry":{"type":"LineString","coordinates":[[-112.98576,43.54626],[-112.9617,43.5541]]},"properties":{"gnis_name":null,"fcode":33600,"lengthkm":2.12452193}},{"type":"Feature","geometry":{"type":"LineString","coordinates":[[-113.31433,43.64875],[-113.31364,43.6481],[-113.31285,43.64825],[-113.31228,43.64766],[-113.31012,43.64619],[-113.30896,43.64495],[-113.30764,43.64393]]},"properties":{"gnis_name":"Arco Canal","fcode":33600,"lengthkm":0.80331927}},{"type":"Feature","geometry":{"type":"LineString","coordinates":[[-113.90004,44.07076],[-113.89942,44.07112],[-113.89921,44.0717],[-113.89882,44.07208],[-113.89703,44.07301],[-113.89551,44.07433],[-113.89216,44.07618]]},"properties":{"gnis_name":"Chilly Canal","fcode":33600,"lengthkm":0.8924153100000001}},{"type":"Feature","geometry":{"type":"LineString","coordinates":[[-113.89759,44.13299],[-113.89805,44.13346],[-113.90193,44.13199]]},"properties":{"gnis_name":null,"fcode":33600,"lengthkm":0.41463490000000003}},{"type":"Feature","geometry":{"type":"LineString","coordinates":[[-113.18437,44.13868],[-113.1841,44.13822],[-113.18426,44.13796],[-113.18418,44.13754]]},"properties":{"gnis_name":null,"fcode":33600,"lengthkm":0.13519477}},{"type":"Feature","geometry":{"type":"LineString","coordinates":[[-113.90339,44.06311],[-113.90295,44.06443],[-113.90228,44.06557],[-113.90004,44.07076]]},"properties":{"gnis_name":"Chilly Canal","fcode":33600,"lengthkm":0.90143773}},{"type":"Feature","geometry":{"type":"LineString","coordinates":[[-113.41067,43.65244],[-113.4085,43.65249]]},"properties":{"gnis_name":null,"fcode":33600,"lengthkm":0.17407669}},{"type":"Feature","geometry":{"type":"LineString","coordinates":[[-112.9266,43.83911],[-112.92437,43.8386],[-112.92429,43.83759]]},"properties":{"gnis_name":null,"fcode":33600,"lengthkm":0.30476080000000005}},{"type":"Feature","geometry":{"type":"LineString","coordinates":[[-112.99352,43.82746],[-112.99358,43.81297],[-112.9739,43.81293],[-112.9739,43.80926]]},"properties":{"gnis_name":null,"fcode":33600,"lengthkm":3.60420935}},{"type":"Feature","geometry":{"type":"LineString","coordinates":[[-113.04025,43.80907],[-113.03893,43.80962],[-113.03595,43.81003],[-113.03474,43.81096]]},"properties":{"gnis_name":null,"fcode":33600,"lengthkm":0.5116272500000001}},{"type":"Feature","geometry":{"type":"LineString","coordinates":[[-112.98151,44.1476],[-112.98094,44.1478],[-112.98058,44.14825],[-112.97828,44.14931],[-112.97765,44.14978],[-112.97572,44.15055],[-112.97508,44.15068],[-112.97397,44.15049],[-112.97243,44.15078],[-112.97134,44.15132],[-112.96335,44.15284],[-112.95588,44.15514],[-112.95419,44.15582],[-112.95145,44.15654],[-112.9497,44.15748],[-112.94759,44.15897],[-112.94397,44.16114],[-112.94205,44.16202],[-112.93791,44.16328],[-112.92787,44.16685],[-112.92551,44.1675],[-112.92332,44.16763],[-112.92274,44.16747],[-112.9215,44.16661],[-112.92052,44.16651],[-112.91992,44.16678]]},"properties":{"gnis_name":null,"fcode":33600,"lengthkm":5.59532006}},{"type":"Feature","geometry":{"type":"LineString","coordinates":[[-113.45856,43.88317],[-113.45786,43.88304],[-113.45612,43.88307],[-113.45439,43.88239],[-113.45324,43.88224],[-113.45191,43.8818]]},"properties":{"gnis_name":"Burnett Ditch","fcode":33600,"lengthkm":0.56811226}},{"type":"Feature","geometry":{"type":"LineString","coordinates":[[-113.93816,43.5348],[-113.93919,43.53426],[-113.93928,43.53388],[-113.94,43.53288],[-113.94029,43.53106],[-113.94165,43.52937],[-113.94276,43.52875],[-113.94476,43.52799],[-113.94511,43.5275]]},"properties":{"gnis_name":null,"fcode":33600,"lengthkm":1.0534978799999999}},{"type":"Feature","geometry":{"type":"LineString","coordinates":[[-112.89254,43.65214],[-112.901,43.6521]]},"properties":{"gnis_name":null,"fcode":33600,"lengthkm":0.67930751}},{"type":"Feature","geometry":{"type":"LineString","coordinates":[[-113.33612,43.58961],[-113.33634,43.59506],[-113.3411,43.59505],[-113.34123,43.59988],[-113.3416,43.60358]]},"properties":{"gnis_name":null,"fcode":33600,"lengthkm":1.94531338}},{"type":"Feature","geometry":{"type":"LineString","coordinates":[[-112.94383,43.83831],[-112.94382,43.82994]]},"properties":{"gnis_name":null,"fcode":33600,"lengthkm":0.9328351100000001}},{"type":"Feature","geometry":{"type":"LineString","coordinates":[[-112.91463,43.63761],[-112.91465,43.63952]]},"properties":{"gnis_name":null,"fcode":33600,"lengthkm":0.21300000000000002}},{"type":"Feature","geometry":{"type":"LineString","coordinates":[[-113.35979,43.79431],[-113.35881,43.79443]]},"properties":{"gnis_name":"Burnett Ditch","fcode":33600,"lengthkm":0.07946929}},{"type":"Feature","geometry":{"type":"LineString","coordinates":[[-113.62314,43.95371],[-113.62353,43.9535],[-113.62365,43.9531],[-113.62276,43.95101],[-113.62144,43.94927],[-113.62133,43.94932],[-113.61994,43.94777],[-113.61896,43.94731],[-113.61729,43.94762],[-113.61542,43.94871],[-113.61521,43.9487],[-113.61472,43.9479],[-113.61393,43.94858],[-113.61386,43.94811],[-113.61218,43.94852],[-113.61116,43.94918],[-113.61146,43.94954],[-113.60958,43.95065],[-113.60965,43.95095],[-113.60803,43.95148],[-113.60768,43.95173],[-113.60744,43.95206],[-113.60764,43.95223]]},"properties":{"gnis_name":null,"fcode":33600,"lengthkm":2.28032927}},{"type":"Feature","geometry":{"type":"LineString","coordinates":[[-113.45948,43.60705],[-113.45825,43.60573],[-113.45848,43.6043],[-113.45805,43.60364]]},"properties":{"gnis_name":"Blaine Canal","fcode":33600,"lengthkm":0.42229376}},{"type":"Feature","geometry":{"type":"LineString","coordinates":[[-113.40086,43.68194],[-113.40032,43.67946],[-113.40025,43.67848],[-113.40061,43.67788],[-113.40097,43.67771],[-113.40211,43.67763],[-113.40248,43.67737],[-113.4027,43.67645],[-113.40235,43.6755],[-113.40234,43.67467]]},"properties":{"gnis_name":"Moore Canal","fcode":33600,"lengthkm":0.9453276700000001}},{"type":"Feature","geometry":{"type":"LineString","coordinates":[[-113.02286,43.857],[-113.01372,43.85697]]},"properties":{"gnis_name":null,"fcode":33600,"lengthkm":0.73269174}},{"type":"Feature","geometry":{"type":"LineString","coordinates":[[-112.92367,43.83245],[-112.92281,43.83314],[-112.92081,43.8329]]},"properties":{"gnis_name":null,"fcode":33600,"lengthkm":0.26900833}},{"type":"Feature","geometry":{"type":"LineString","coordinates":[[-113.41573,43.61471],[-113.41567,43.6108],[-113.41556,43.61066],[-113.41562,43.60802]]},"properties":{"gnis_name":null,"fcode":33600,"lengthkm":0.7506189200000001}},{"type":"Feature","geometry":{"type":"LineString","coordinates":[[-113.44659,43.7843],[-113.44658,43.78428]]},"properties":{"gnis_name":"Darlington Ditch","fcode":33600,"lengthkm":0.00245741}},{"type":"Feature","geometry":{"type":"LineString","coordinates":[[-113.35416,43.69618],[-113.35528,43.69614],[-113.35536,43.69567],[-113.35607,43.69566],[-113.35607,43.68171]]},"properties":{"gnis_name":null,"fcode":33600,"lengthkm":1.7586435}},{"type":"Feature","geometry":{"type":"LineString","coordinates":[[-113.44323,43.84679],[-113.44271,43.84645],[-113.44222,43.84538],[-113.44095,43.84403],[-113.44073,43.84313],[-113.44029,43.84244],[-113.43892,43.84171],[-113.43868,43.83943],[-113.43811,43.83835]]},"properties":{"gnis_name":"Three in One Ditch","fcode":33600,"lengthkm":1.08010411}},{"type":"Feature","geometry":{"type":"LineString","coordinates":[[-113.86476,43.99965],[-113.86439,43.99955],[-113.86219,43.99795],[-113.86076,43.99725],[-113.86008,43.99612],[-113.85979,43.99599],[-113.85946,43.99509]]},"properties":{"gnis_name":null,"fcode":33600,"lengthkm":0.70924374}},{"type":"Feature","geometry":{"type":"LineString","coordinates":[[-113.29437,43.63364],[-113.29305,43.63297],[-113.29238,43.63201],[-113.29094,43.63112],[-113.29011,43.63034],[-113.28948,43.63007]]},"properties":{"gnis_name":"Arco Canal","fcode":33600,"lengthkm":0.5744879700000001}},{"type":"Feature","geometry":{"type":"LineString","coordinates":[[-113.19017,44.14245],[-113.18912,44.14155],[-113.18792,44.1408],[-113.18579,44.14002],[-113.18437,44.13868]]},"properties":{"gnis_name":null,"fcode":33600,"lengthkm":0.64118568}},{"type":"Feature","geometry":{"type":"LineString","coordinates":[[-112.89705,43.63766],[-112.89783,43.63644],[-112.90548,43.63082]]},"properties":{"gnis_name":null,"fcode":33600,"lengthkm":1.0282999800000001}},{"type":"Feature","geometry":{"type":"LineString","coordinates":[[-113.3359,43.71444],[-113.33608,43.71416]]},"properties":{"gnis_name":null,"fcode":33600,"lengthkm":0.03422675}},{"type":"Feature","geometry":{"type":"LineString","coordinates":[[-113.36343,43.71076],[-113.36072,43.71078],[-113.36063,43.71067]]},"properties":{"gnis_name":null,"fcode":33600,"lengthkm":0.23130875}},{"type":"Feature","geometry":{"type":"LineString","coordinates":[[-113.92218,44.05796],[-113.92216,44.05829],[-113.92256,44.05896],[-113.92214,44.05924],[-113.92044,44.0641],[-113.92065,44.06439],[-113.9217,44.06424],[-113.9215,44.065],[-113.9217,44.06558],[-113.92127,44.06601],[-113.92243,44.06675],[-113.92398,44.06702],[-113.92536,44.06693],[-113.92544,44.06702],[-113.92487,44.06851],[-113.92706,44.07029],[-113.9277,44.07054],[-113.92813,44.07096]]},"properties":{"gnis_name":null,"fcode":33600,"lengthkm":2.00311423}},{"type":"Feature","geometry":{"type":"LineString","coordinates":[[-113.00401,43.54037],[-112.9884,43.54539]]},"properties":{"gnis_name":null,"fcode":33600,"lengthkm":1.37505163}},{"type":"Feature","geometry":{"type":"LineString","coordinates":[[-113.47805,43.91631],[-113.47802,43.91642]]},"properties":{"gnis_name":null,"fcode":33600,"lengthkm":0.012783710000000002}},{"type":"Feature","geometry":{"type":"LineString","coordinates":[[-113.2682,44.22621],[-113.26848,44.22503],[-113.26834,44.2237],[-113.26804,44.22332],[-113.26819,44.22301],[-113.26786,44.22236],[-113.26665,44.22157]]},"properties":{"gnis_name":null,"fcode":33600,"lengthkm":0.5815179}},{"type":"Feature","geometry":{"type":"LineString","coordinates":[[-112.9617,43.5541],[-112.94397,43.57286]]},"properties":{"gnis_name":null,"fcode":33600,"lengthkm":2.5331289000000003}},{"type":"Feature","geometry":{"type":"LineString","coordinates":[[-113.82844,44.03163],[-113.82766,44.03241],[-113.82771,44.03306],[-113.8264,44.03439],[-113.82597,44.03563],[-113.82203,44.03675],[-113.82044,44.0374],[-113.81881,44.03712]]},"properties":{"gnis_name":null,"fcode":33600,"lengthkm":1.1289175}},{"type":"Feature","geometry":{"type":"LineString","coordinates":[[-112.92367,43.83245],[-112.92181,43.83154],[-112.91843,43.83024],[-112.91737,43.82951]]},"properties":{"gnis_name":null,"fcode":33600,"lengthkm":0.60767634}},{"type":"Feature","geometry":{"type":"LineString","coordinates":[[-112.90551,43.68109],[-112.90554,43.68634],[-112.90596,43.68713],[-112.90788,43.68897],[-112.90802,43.68944],[-112.9055,43.69322],[-112.90536,43.69555]]},"properties":{"gnis_name":null,"fcode":33600,"lengthkm":1.72097146}},{"type":"Feature","geometry":{"type":"LineString","coordinates":[[-113.33153,43.7182],[-113.33115,43.71722],[-113.33124,43.71673],[-113.3311,43.71554],[-113.33134,43.71343]]},"properties":{"gnis_name":"East Side Ditch","fcode":33600,"lengthkm":0.54185324}},{"type":"Feature","geometry":{"type":"LineString","coordinates":[[-113.3644,43.67457],[-113.36269,43.67453],[-113.36192,43.67191],[-113.36142,43.67187],[-113.36141,43.67093],[-113.3596,43.67083],[-113.3595,43.67043],[-113.35901,43.66997],[-113.35902,43.66955],[-113.35876,43.66893],[-113.35907,43.66807],[-113.35883,43.66738],[-113.35923,43.66733],[-113.35921,43.66721]]},"properties":{"gnis_name":null,"fcode":33600,"lengthkm":1.18764745}},{"type":"Feature","geometry":{"type":"LineString","coordinates":[[-113.8843,44.03597],[-113.88344,44.0363]]},"properties":{"gnis_name":null,"fcode":33600,"lengthkm":0.07841321}},{"type":"Feature","geometry":{"type":"LineString","coordinates":[[-113.84514,44.03067],[-113.84382,44.03051],[-113.83218,44.03079],[-113.83223,44.03162],[-113.83095,44.03212],[-113.82844,44.03163]]},"properties":{"gnis_name":null,"fcode":33600,"lengthkm":1.4642916099999999}},{"type":"Feature","geometry":{"type":"LineString","coordinates":[[-113.46213,43.91488],[-113.46348,43.91505],[-113.46517,43.91557],[-113.46568,43.91548],[-113.47047,43.91372],[-113.47056,43.9126],[-113.47087,43.91243]]},"properties":{"gnis_name":null,"fcode":33600,"lengthkm":0.8896920300000001}},{"type":"Feature","geometry":{"type":"LineString","coordinates":[[-113.53259,43.90204],[-113.53148,43.90197],[-113.53115,43.90179],[-113.53112,43.90148],[-113.53128,43.90128],[-113.53113,43.90092],[-113.53141,43.90045],[-113.53124,43.90003],[-113.53128,43.89954],[-113.53088,43.89922],[-113.53033,43.8991],[-113.53032,43.89896],[-113.52949,43.89889],[-113.52854,43.89923],[-113.52839,43.89988],[-113.52823,43.89995],[-113.52837,43.90028],[-113.52791,43.90065],[-113.52729,43.90067],[-113.52717,43.90035],[-113.52552,43.89965],[-113.52483,43.90006]]},"properties":{"gnis_name":"Swauger Ditch","fcode":33600,"lengthkm":1.16313794}},{"type":"Feature","geometry":{"type":"LineString","coordinates":[[-113.29891,44.18219],[-113.2975,44.18181],[-113.29133,44.18147],[-113.28829,44.18109]]},"properties":{"gnis_name":"Dry Creek","fcode":33600,"lengthkm":0.8611298100000001}},{"type":"Feature","geometry":{"type":"LineString","coordinates":[[-112.93073,43.63761],[-112.93089,43.63853],[-112.93181,43.63986],[-112.93197,43.64042],[-112.93053,43.64344],[-112.92965,43.64622],[-112.92919,43.64672]]},"properties":{"gnis_name":null,"fcode":33600,"lengthkm":1.07733955}},{"type":"Feature","geometry":{"type":"LineString","coordinates":[[-113.42927,43.78464],[-113.42933,43.78469]]},"properties":{"gnis_name":null,"fcode":33600,"lengthkm":0.007}},{"type":"Feature","geometry":{"type":"LineString","coordinates":[[-113.3944,43.6962],[-113.39447,43.6958],[-113.39629,43.69391],[-113.39614,43.69331],[-113.39656,43.69142],[-113.39679,43.69124],[-113.39739,43.69117],[-113.39758,43.6906],[-113.39806,43.69035],[-113.39841,43.68979],[-113.39923,43.6892],[-113.39933,43.68897]]},"properties":{"gnis_name":"Moore Canal","fcode":33600,"lengthkm":0.96855389}},{"type":"Feature","geometry":{"type":"LineString","coordinates":[[-113.35942,43.78603],[-113.35974,43.78594],[-113.36059,43.78523],[-113.36134,43.78412],[-113.36224,43.78164],[-113.36234,43.78008],[-113.36271,43.77968]]},"properties":{"gnis_name":null,"fcode":33600,"lengthkm":0.78588135}},{"type":"Feature","geometry":{"type":"LineString","coordinates":[[-112.98663,43.78326],[-112.98667,43.77616],[-112.98125,43.77617],[-112.98041,43.77603],[-112.9802,43.77593],[-112.97927,43.77432],[-112.97887,43.77406],[-112.97793,43.77397],[-112.9771,43.77421],[-112.97637,43.77423],[-112.971,43.77157],[-112.97102,43.77015],[-112.97059,43.76969],[-112.97014,43.76868],[-112.96775,43.76817],[-112.96674,43.76764],[-112.96661,43.76325],[-112.96649,43.763],[-112.9658,43.76262],[-112.96443,43.76233],[-112.9629,43.76162],[-112.95936,43.76156],[-112.95419,43.75788],[-112.95403,43.75748],[-112.95295,43.75742],[-112.94927,43.75544],[-112.94645,43.75544],[-112.9453,43.75516]]},"properties":{"gnis_name":null,"fcode":33600,"lengthkm":5.48244967}},{"type":"Feature","geometry":{"type":"LineString","coordinates":[[-113.4123,43.89253],[-113.41325,43.8926],[-113.41331,43.89309],[-113.41457,43.89342],[-113.41492,43.89391],[-113.41594,43.89429],[-113.41607,43.89466],[-113.41724,43.89471],[-113.41805,43.89528],[-113.41988,43.89596],[-113.41995,43.89645],[-113.42035,43.89635],[-113.42101,43.89663]]},"properties":{"gnis_name":"Fury Ditch","fcode":33600,"lengthkm":0.9495724600000001}},{"type":"Feature","geometry":{"type":"LineString","coordinates":[[-112.98275,43.53806],[-112.98024,43.53731]]},"properties":{"gnis_name":null,"fcode":33600,"lengthkm":0.21921022}},{"type":"Feature","geometry":{"type":"LineString","coordinates":[[-113.00381,43.80591],[-113.00381,43.79837],[-113.00456,43.79837],[-113.00602,43.79755],[-113.00616,43.79736],[-113.00609,43.79684],[-113.00496,43.79527],[-113.00408,43.79518],[-113.0037,43.79475],[-113.00248,43.79474],[-113.00178,43.79418]]},"properties":{"gnis_name":null,"fcode":33600,"lengthkm":1.6484850400000002}},{"type":"Feature","geometry":{"type":"LineString","coordinates":[[-113.32807,43.72868],[-113.32806,43.72748],[-113.32883,43.72648],[-113.32877,43.72559],[-113.32938,43.72476],[-113.32961,43.72376],[-113.33024,43.723],[-113.33139,43.72278],[-113.33173,43.72249],[-113.33207,43.72166],[-113.33199,43.72058]]},"properties":{"gnis_name":"East Side Ditch","fcode":33600,"lengthkm":1.03848423}},{"type":"Feature","geometry":{"type":"LineString","coordinates":[[-113.94246,44.04015],[-113.94071,44.04066],[-113.93996,44.04105],[-113.93967,44.04192],[-113.93922,44.04225],[-113.93699,44.04275],[-113.93296,44.04326],[-113.93168,44.04366],[-113.92964,44.0446],[-113.92848,44.04579],[-113.92608,44.04687],[-113.92544,44.04678],[-113.92457,44.0464],[-113.92324,44.04629],[-113.92168,44.04648],[-113.92119,44.04682],[-113.92054,44.04773],[-113.92021,44.04866],[-113.92012,44.04978],[-113.92136,44.05177],[-113.92239,44.05287],[-113.92273,44.05387],[-113.92293,44.05587],[-113.92256,44.05616],[-113.92231,44.05744]]},"properties":{"gnis_name":null,"fcode":33600,"lengthkm":3.2933785099999997}},{"type":"Feature","geometry":{"type":"LineString","coordinates":[[-113.52483,43.90006],[-113.52469,43.9001],[-113.52469,43.90034],[-113.52337,43.90052],[-113.52107,43.90026],[-113.52068,43.89986],[-113.52105,43.89942],[-113.52108,43.89878],[-113.5209,43.89857],[-113.51824,43.89777],[-113.51866,43.8974],[-113.51883,43.8969],[-113.51957,43.8966],[-113.51956,43.89599],[-113.51842,43.89553],[-113.5179,43.89503],[-113.51734,43.89485],[-113.51613,43.89509],[-113.5163,43.89584],[-113.51621,43.89602],[-113.51575,43.89628],[-113.51514,43.89633],[-113.51463,43.89612],[-113.51408,43.89522],[-113.51351,43.89478],[-113.50276,43.89476],[-113.50267,43.89403]]},"properties":{"gnis_name":"Swauger Ditch","fcode":33600,"lengthkm":2.7564705700000003}},{"type":"Feature","geometry":{"type":"LineString","coordinates":[[-113.43613,43.61701],[-113.42989,43.61692],[-113.42701,43.61759],[-113.42605,43.61707],[-113.41581,43.61669],[-113.41565,43.60293],[-113.41554,43.60279]]},"properties":{"gnis_name":null,"fcode":33600,"lengthkm":3.22201274}},{"type":"Feature","geometry":{"type":"LineString","coordinates":[[-113.05662,43.85645],[-113.05635,43.85648]]},"properties":{"gnis_name":null,"fcode":33600,"lengthkm":0.021394609999999998}},{"type":"Feature","geometry":{"type":"LineString","coordinates":[[-113.05635,43.85648],[-113.04619,43.85644],[-113.02897,43.85674],[-113.01374,43.85679]]},"properties":{"gnis_name":null,"fcode":33600,"lengthkm":3.41665043}},{"type":"Feature","geometry":{"type":"LineString","coordinates":[[-113.28829,44.18109],[-113.28812,44.18099]]},"properties":{"gnis_name":"Dry Creek","fcode":33600,"lengthkm":0.018000000000000002}},{"type":"Feature","geometry":{"type":"LineString","coordinates":[[-112.91558,43.70248],[-112.91559,43.70431]]},"properties":{"gnis_name":null,"fcode":33600,"lengthkm":0.20390193}},{"type":"Feature","geometry":{"type":"LineString","coordinates":[[-113.43019,43.81158],[-113.4292,43.80966],[-113.42783,43.80833],[-113.41901,43.80438],[-113.41475,43.80207],[-113.41063,43.79909],[-113.40641,43.79908]]},"properties":{"gnis_name":"Three in One Ditch","fcode":33600,"lengthkm":2.48406702}},{"type":"Feature","geometry":{"type":"LineString","coordinates":[[-113.35807,44.23753],[-113.3565,44.23729],[-113.35544,44.23747],[-113.35406,44.2372],[-113.35267,44.23738],[-113.34788,44.23701],[-113.34504,44.23744],[-113.34132,44.23693],[-113.34005,44.23701],[-113.33921,44.23666],[-113.33682,44.23663],[-113.33583,44.23684],[-113.33384,44.23665],[-113.33052,44.23729],[-113.32842,44.23751],[-113.32581,44.23736],[-113.32489,44.23746],[-113.32218,44.2383]]},"properties":{"gnis_name":null,"fcode":33600,"lengthkm":2.94528751}},{"type":"Feature","geometry":{"type":"LineString","coordinates":[[-113.84958,44.13083],[-113.85068,44.13219],[-113.85074,44.13259],[-113.85125,44.13338],[-113.85122,44.1336],[-113.85223,44.1353],[-113.85296,44.13595],[-113.85405,44.13742],[-113.85448,44.13954],[-113.85525,44.13938],[-113.85683,44.1395],[-113.85737,44.13937]]},"properties":{"gnis_name":null,"fcode":33600,"lengthkm":1.3091086699999999}},{"type":"Feature","geometry":{"type":"LineString","coordinates":[[-113.49334,43.90688],[-113.49172,43.90641],[-113.49122,43.90612]]},"properties":{"gnis_name":"Burnett Ditch","fcode":33600,"lengthkm":0.19628110000000001}},{"type":"Feature","geometry":{"type":"LineString","coordinates":[[-113.60764,43.95223],[-113.60726,43.95258],[-113.60585,43.95317],[-113.60432,43.95281],[-113.60409,43.95287],[-113.60403,43.95305],[-113.60296,43.95332],[-113.60268,43.95292],[-113.60271,43.95271],[-113.60223,43.95251],[-113.60142,43.9526],[-113.6013,43.95214],[-113.60016,43.95223],[-113.59853,43.95272],[-113.5979,43.95271],[-113.59766,43.95236],[-113.59396,43.95259],[-113.5939,43.95236],[-113.59408,43.95214],[-113.59318,43.9515],[-113.59185,43.95088],[-113.59077,43.95071],[-113.59022,43.95083],[-113.58957,43.95122],[-113.58891,43.95123],[-113.58865,43.95153],[-113.58838,43.95234],[-113.58825,43.95235],[-113.58785,43.95202],[-113.58635,43.95178],[-113.58558,43.95145],[-113.58398,43.9513],[-113.5826,43.95093],[-113.58186,43.95103],[-113.58131,43.95093]]},"properties":{"gnis_name":null,"fcode":33600,"lengthkm":2.62400452}},{"type":"Feature","geometry":{"type":"LineString","coordinates":[[-112.99228,43.84987],[-112.99216,43.84965],[-112.9917,43.84961],[-112.98382,43.84947],[-112.98363,43.84933],[-112.98355,43.84876],[-112.98336,43.84871],[-112.98136,43.84931],[-112.97932,43.85024],[-112.97828,43.85021],[-112.97789,43.84993],[-112.97744,43.84901],[-112.9754,43.84784],[-112.97552,43.8477],[-112.97708,43.84822],[-112.97809,43.84825],[-112.97816,43.84814],[-112.97777,43.84786],[-112.97792,43.84732],[-112.9778,43.84713],[-112.97269,43.84617],[-112.97073,43.84547],[-112.96916,43.84458],[-112.96909,43.84355]]},"properties":{"gnis_name":null,"fcode":33600,"lengthkm":2.89029327}},{"type":"Feature","geometry":{"type":"LineString","coordinates":[[-113.37586,44.1614],[-113.3735,44.16158],[-113.37099,44.16147]]},"properties":{"gnis_name":null,"fcode":33600,"lengthkm":0.38971234000000005}},{"type":"Feature","geometry":{"type":"LineString","coordinates":[[-112.98839,43.85007],[-112.98546,43.85012],[-112.98281,43.85091]]},"properties":{"gnis_name":null,"fcode":33600,"lengthkm":0.466357}},{"type":"Feature","geometry":{"type":"LineString","coordinates":[[-113.05071,43.87077],[-113.04943,43.87054],[-113.04777,43.87052],[-113.04065,43.87102],[-113.03706,43.87159],[-113.03266,43.87266]]},"properties":{"gnis_name":null,"fcode":33600,"lengthkm":1.48146789}},{"type":"Feature","geometry":{"type":"LineString","coordinates":[[-113.41578,43.61774],[-113.41573,43.61471]]},"properties":{"gnis_name":null,"fcode":33600,"lengthkm":0.33903205000000003}},{"type":"Feature","geometry":{"type":"LineString","coordinates":[[-112.9334,43.62354],[-112.92476,43.62355]]},"properties":{"gnis_name":null,"fcode":33600,"lengthkm":0.6940000000000001}},{"type":"Feature","geometry":{"type":"LineString","coordinates":[[-113.42208,43.84167],[-113.41995,43.84216],[-113.41429,43.84218],[-113.4132,43.84184],[-113.41246,43.84145],[-113.41139,43.84049],[-113.41133,43.83647],[-113.41102,43.83637],[-113.41094,43.83363],[-113.40951,43.83246],[-113.40835,43.83172],[-113.39579,43.8315],[-113.39566,43.83125],[-113.39556,43.82886],[-113.39373,43.82766]]},"properties":{"gnis_name":null,"fcode":33600,"lengthkm":3.52634736}},{"type":"Feature","geometry":{"type":"LineString","coordinates":[[-112.96458,43.84468],[-112.9594,43.84315],[-112.95736,43.8428]]},"properties":{"gnis_name":null,"fcode":33600,"lengthkm":0.6187107900000001}},{"type":"Feature","geometry":{"type":"LineString","coordinates":[[-113.40896,43.87351],[-113.40843,43.87302],[-113.40525,43.87128],[-113.40391,43.87085],[-113.40342,43.87047],[-113.40275,43.87025],[-113.3992,43.86764],[-113.39871,43.86702],[-113.39807,43.86677],[-113.39696,43.86592],[-113.3942,43.86275],[-113.39404,43.86128],[-113.39342,43.85922],[-113.39237,43.85668],[-113.39179,43.856],[-113.39153,43.85519],[-113.3911,43.85468],[-113.391,43.85404],[-113.38837,43.85167],[-113.38828,43.85125],[-113.38782,43.85056],[-113.38653,43.84909],[-113.38253,43.84683]]},"properties":{"gnis_name":"Burnett Ditch","fcode":33600,"lengthkm":3.83829605}},{"type":"Feature","geometry":{"type":"LineString","coordinates":[[-113.80005,43.9849],[-113.7982,43.98494],[-113.79695,43.98472],[-113.79522,43.98323],[-113.79393,43.98159],[-113.79209,43.98033],[-113.78881,43.9804],[-113.78872,43.97668]]},"properties":{"gnis_name":null,"fcode":33600,"lengthkm":1.57252881}},{"type":"Feature","geometry":{"type":"LineString","coordinates":[[-113.21184,44.19712],[-113.21229,44.19721],[-113.21315,44.19794],[-113.21403,44.19834],[-113.21692,44.19823],[-113.21994,44.19858],[-113.22125,44.19845],[-113.22166,44.19878],[-113.22238,44.19878]]},"properties":{"gnis_name":null,"fcode":33600,"lengthkm":0.92}},{"type":"Feature","geometry":{"type":"LineString","coordinates":[[-113.31619,43.58792],[-113.31627,43.58063],[-113.31613,43.58043],[-113.31554,43.58019],[-113.31476,43.58068],[-113.30762,43.58067]]},"properties":{"gnis_name":"Munsey Ditch","fcode":33600,"lengthkm":1.5557995199999999}},{"type":"Feature","geometry":{"type":"LineString","coordinates":[[-113.23653,43.61496],[-113.23682,43.6028],[-113.24173,43.6027]]},"properties":{"gnis_name":null,"fcode":33600,"lengthkm":1.75407912}},{"type":"Feature","geometry":{"type":"LineString","coordinates":[[-113.28432,43.62808],[-113.28248,43.6288],[-113.28179,43.62891],[-113.28073,43.62867],[-113.27986,43.62824],[-113.27911,43.62752]]},"properties":{"gnis_name":"Arco Canal","fcode":33600,"lengthkm":0.50309487}},{"type":"Feature","geometry":{"type":"LineString","coordinates":[[-113.53268,43.90317],[-113.53187,43.90291],[-113.53142,43.90313],[-113.5302,43.90284],[-113.52907,43.90329],[-113.52842,43.90324],[-113.52729,43.9028],[-113.52531,43.90233],[-113.5245,43.90176],[-113.52189,43.90182],[-113.51931,43.90066],[-113.51583,43.89997]]},"properties":{"gnis_name":null,"fcode":33600,"lengthkm":1.48384279}},{"type":"Feature","geometry":{"type":"LineString","coordinates":[[-113.44603,43.62943],[-113.44607,43.62899],[-113.45054,43.62805],[-113.45108,43.6278],[-113.4555,43.62426],[-113.4581,43.62262],[-113.46267,43.62066],[-113.46369,43.61922],[-113.46461,43.6188],[-113.46516,43.61836],[-113.46647,43.61648],[-113.46651,43.61599]]},"properties":{"gnis_name":"Blaine Canal","fcode":33600,"lengthkm":2.33932228}},{"type":"Feature","geometry":{"type":"LineString","coordinates":[[-113.23351,43.6151],[-113.22955,43.61361],[-113.22874,43.61315],[-113.22826,43.61175],[-113.22686,43.60998]]},"properties":{"gnis_name":"Arco Canal","fcode":33600,"lengthkm":0.8308110800000001}},{"type":"Feature","geometry":{"type":"LineString","coordinates":[[-112.98606,43.80459],[-112.9739,43.80914]]},"properties":{"gnis_name":null,"fcode":33600,"lengthkm":1.0990604099999999}},{"type":"Feature","geometry":{"type":"LineString","coordinates":[[-112.99671,43.78324],[-112.98663,43.78326]]},"properties":{"gnis_name":null,"fcode":33600,"lengthkm":0.80757079}},{"type":"Feature","geometry":{"type":"LineString","coordinates":[[-112.97389,43.84933],[-112.97187,43.84848]]},"properties":{"gnis_name":null,"fcode":33600,"lengthkm":0.19007592}},{"type":"Feature","geometry":{"type":"LineString","coordinates":[[-113.39933,43.68897],[-113.39978,43.68823],[-113.40047,43.68798],[-113.40013,43.68743],[-113.40034,43.68711],[-113.40107,43.68698],[-113.40182,43.68661],[-113.40149,43.68591],[-113.40159,43.68558],[-113.40147,43.68514],[-113.40104,43.68445],[-113.40089,43.68262]]},"properties":{"gnis_name":"Moore Canal","fcode":33600,"lengthkm":0.8671580200000001}},{"type":"Feature","geometry":{"type":"LineString","coordinates":[[-113.88346,44.14069],[-113.88725,44.14237]]},"properties":{"gnis_name":null,"fcode":33600,"lengthkm":0.35790119}},{"type":"Feature","geometry":{"type":"LineString","coordinates":[[-113.58201,43.88215],[-113.58,43.88076],[-113.57789,43.8802],[-113.577,43.87943],[-113.57542,43.87862],[-113.57513,43.87792],[-113.57427,43.87687],[-113.57416,43.87582],[-113.57355,43.87497],[-113.57071,43.87353]]},"properties":{"gnis_name":"Rodger Ditch","fcode":33600,"lengthkm":1.4002141199999998}},{"type":"Feature","geometry":{"type":"LineString","coordinates":[[-113.44752,43.90436],[-113.44679,43.90245],[-113.44668,43.90133],[-113.4444,43.89882],[-113.44314,43.89759],[-113.44111,43.89615],[-113.43846,43.89394],[-113.43729,43.8936],[-113.43707,43.89286],[-113.43704,43.88784],[-113.43531,43.88711],[-113.43418,43.8871]]},"properties":{"gnis_name":null,"fcode":33600,"lengthkm":2.4088658699999996}},{"type":"Feature","geometry":{"type":"LineString","coordinates":[[-113.39196,43.83667],[-113.37324,43.82229],[-113.37285,43.8218],[-113.37274,43.82134]]},"properties":{"gnis_name":null,"fcode":33600,"lengthkm":2.31337681}},{"type":"Feature","geometry":{"type":"LineString","coordinates":[[-113.46932,43.76205],[-113.46726,43.76257],[-113.46661,43.7624],[-113.4661,43.76261],[-113.46586,43.76299],[-113.46482,43.76343],[-113.46457,43.76362],[-113.46462,43.76396],[-113.46448,43.76416],[-113.46361,43.76454],[-113.46311,43.7658],[-113.4625,43.76629],[-113.46228,43.76674],[-113.4614,43.76745],[-113.45942,43.76752],[-113.45784,43.76716],[-113.45741,43.7675],[-113.45751,43.76784],[-113.45775,43.76798],[-113.45759,43.76821]]},"properties":{"gnis_name":null,"fcode":33600,"lengthkm":1.42531296}},{"type":"Feature","geometry":{"type":"LineString","coordinates":[[-113.38313,43.67454],[-113.38314,43.67384],[-113.38207,43.67301],[-113.38148,43.67215],[-113.38127,43.67116],[-113.38128,43.67003],[-113.3823,43.6688],[-113.38433,43.66753],[-113.38441,43.6673],[-113.38112,43.66728],[-113.38097,43.65918]]},"properties":{"gnis_name":null,"fcode":33600,"lengthkm":2.12105078}},{"type":"Feature","geometry":{"type":"LineString","coordinates":[[-113.26534,43.61644],[-113.26655,43.61348],[-113.26677,43.61329],[-113.26608,43.61273],[-113.26646,43.61183],[-113.26657,43.6097],[-113.26665,43.60951],[-113.2669,43.60951],[-113.26686,43.60607],[-113.26718,43.60574],[-113.26678,43.60473],[-113.26681,43.60332]]},"properties":{"gnis_name":null,"fcode":33600,"lengthkm":1.54521249}},{"type":"Feature","geometry":{"type":"LineString","coordinates":[[-113.37518,43.75216],[-113.37169,43.74618],[-113.37128,43.74606],[-113.3665,43.74598],[-113.3664,43.74436],[-113.36613,43.74427]]},"properties":{"gnis_name":null,"fcode":33600,"lengthkm":1.35430482}},{"type":"Feature","geometry":{"type":"LineString","coordinates":[[-113.60949,43.96329],[-113.60907,43.9632],[-113.60899,43.96243],[-113.60883,43.9623],[-113.60693,43.96169],[-113.60289,43.96142],[-113.60149,43.96108],[-113.59616,43.96161]]},"properties":{"gnis_name":"Lower Cedar Creek Ditch","fcode":33600,"lengthkm":1.2048956400000002}},{"type":"Feature","geometry":{"type":"LineString","coordinates":[[-113.57419,43.51605],[-113.57372,43.51613]]},"properties":{"gnis_name":null,"fcode":33600,"lengthkm":0.039477370000000005}},{"type":"Feature","geometry":{"type":"LineString","coordinates":[[-113.04062,43.50025],[-113.04023,43.50135],[-113.04032,43.50144],[-113.04312,43.50161],[-113.04336,43.50142],[-113.0491,43.50157],[-113.0538,43.50083],[-113.05364,43.49989],[-113.05338,43.49969],[-113.04199,43.49657],[-113.04074,43.4999],[-113.03691,43.50047],[-113.03482,43.50173],[-113.03279,43.50238],[-113.03214,43.50307],[-113.02974,43.50433],[-113.02925,43.50547],[-113.02998,43.5066],[-113.03013,43.5071],[-113.02958,43.50808],[-113.026,43.50927],[-113.02521,43.51081],[-113.02414,43.51495],[-113.01941,43.51616],[-113.01803,43.52047],[-113.01196,43.52495],[-113.0117,43.52544],[-113.0087,43.5275],[-113.00811,43.52762],[-113.00401,43.54037]]},"properties":{"gnis_name":null,"fcode":33600,"lengthkm":8.715830799999999}},{"type":"Feature","geometry":{"type":"LineString","coordinates":[[-113.88899,44.07725],[-113.88753,44.07766],[-113.87692,44.07758],[-113.87549,44.07751],[-113.87485,44.07705],[-113.87448,44.07701],[-113.87344,44.07715],[-113.8723,44.07754]]},"properties":{"gnis_name":"Chilly Canal","fcode":33600,"lengthkm":1.3804552}},{"type":"Feature","geometry":{"type":"LineString","coordinates":[[-112.90669,43.66696],[-112.90541,43.66659],[-112.89997,43.66659]]},"properties":{"gnis_name":null,"fcode":33600,"lengthkm":0.54814582}},{"type":"Feature","geometry":{"type":"LineString","coordinates":[[-113.35552,43.67443],[-113.35612,43.6745],[-113.35605,43.66423]]},"properties":{"gnis_name":null,"fcode":33600,"lengthkm":1.1951836200000001}},{"type":"Feature","geometry":{"type":"LineString","coordinates":[[-113.58151,43.95493],[-113.58131,43.95093]]},"properties":{"gnis_name":"Nielsen Ditch","fcode":33600,"lengthkm":0.44615899}},{"type":"Feature","geometry":{"type":"LineString","coordinates":[[-113.8638,44.07729],[-113.86374,44.07064],[-113.87269,44.07062]]},"properties":{"gnis_name":null,"fcode":33600,"lengthkm":1.45828477}},{"type":"Feature","geometry":{"type":"LineString","coordinates":[[-113.56064,43.92384],[-113.55603,43.92271],[-113.55396,43.92251],[-113.55079,43.92255],[-113.54962,43.92295],[-113.54926,43.92281],[-113.54822,43.92313],[-113.54693,43.92306],[-113.54656,43.92328],[-113.54646,43.92299],[-113.54666,43.92193],[-113.5463,43.92149],[-113.54636,43.92129],[-113.54595,43.92035],[-113.54504,43.92033],[-113.54409,43.92052],[-113.54307,43.92096],[-113.54296,43.9213],[-113.54267,43.92114],[-113.54248,43.92066],[-113.54194,43.92039],[-113.54173,43.91993],[-113.54103,43.91991],[-113.54085,43.91963],[-113.54032,43.91939],[-113.53991,43.91822],[-113.54044,43.91694],[-113.5395,43.91559],[-113.53702,43.91476],[-113.53616,43.91491],[-113.53402,43.91462],[-113.53291,43.91479],[-113.53146,43.9138],[-113.53158,43.91324],[-113.53138,43.91248],[-113.53113,43.9123],[-113.53121,43.91216]]},"properties":{"gnis_name":"Hanson Ditch","fcode":33600,"lengthkm":3.55200624}},{"type":"Feature","geometry":{"type":"LineString","coordinates":[[-113.36676,43.75622],[-113.37045,43.75438],[-113.37421,43.753],[-113.37518,43.75216]]},"properties":{"gnis_name":"Moore Canal","fcode":33600,"lengthkm":0.82666809}},{"type":"Feature","geometry":{"type":"LineString","coordinates":[[-112.98305,43.75404],[-112.9841,43.75322],[-112.98397,43.7526],[-112.98325,43.75131],[-112.98025,43.74991],[-112.98024,43.74956],[-112.98122,43.748],[-112.98097,43.74591],[-112.97422,43.74075],[-112.97261,43.7409],[-112.9704,43.73983],[-112.96671,43.73905],[-112.96517,43.73785],[-112.96502,43.73691],[-112.9639,43.73614],[-112.96348,43.73566],[-112.96321,43.73387],[-112.96325,43.73204],[-112.9646,43.72947],[-112.96428,43.72838],[-112.96511,43.72633],[-112.96496,43.72583],[-112.96394,43.72502],[-112.96381,43.72473],[-112.9639,43.72443],[-112.96515,43.72351],[-112.96521,43.72319]]},"properties":{"gnis_name":null,"fcode":33600,"lengthkm":4.52861407}},{"type":"Feature","geometry":{"type":"LineString","coordinates":[[-112.93284,43.83504],[-112.92848,43.83614]]},"properties":{"gnis_name":null,"fcode":33600,"lengthkm":0.37114033}},{"type":"Feature","geometry":{"type":"LineString","coordinates":[[-113.27674,44.23789],[-113.27712,44.23734],[-113.27722,44.23683],[-113.2768,44.23628],[-113.2765,44.23543],[-113.27517,44.23359],[-113.2739,44.23277],[-113.27247,44.23223]]},"properties":{"gnis_name":null,"fcode":33600,"lengthkm":0.79619732}},{"type":"Feature","geometry":{"type":"LineString","coordinates":[[-113.90928,44.05323],[-113.90806,44.05423],[-113.90746,44.05538],[-113.90654,44.05594],[-113.90553,44.05737],[-113.90535,44.05857],[-113.90477,44.05961],[-113.90446,44.06109],[-113.90339,44.06311]]},"properties":{"gnis_name":"Chilly Canal","fcode":33600,"lengthkm":1.2354637800000001}},{"type":"Feature","geometry":{"type":"LineString","coordinates":[[-113.37586,43.75194],[-113.37618,43.75185]]},"properties":{"gnis_name":"Moore Canal","fcode":33600,"lengthkm":0.027735970000000002}},{"type":"Feature","geometry":{"type":"LineString","coordinates":[[-113.8723,44.07754],[-113.86877,44.07756],[-113.86874,44.08389]]},"properties":{"gnis_name":"Chilly Canal","fcode":33600,"lengthkm":0.98972417}},{"type":"Feature","geometry":{"type":"LineString","coordinates":[[-113.45261,43.77011],[-113.45574,43.77019]]},"properties":{"gnis_name":null,"fcode":33600,"lengthkm":0.25294257000000003}},{"type":"Feature","geometry":{"type":"LineString","coordinates":[[-113.06845,43.87094],[-113.0588,43.87108],[-113.0579,43.87134],[-113.05695,43.87186]]},"properties":{"gnis_name":null,"fcode":33600,"lengthkm":0.95179462}},{"type":"Feature","geometry":{"type":"LineString","coordinates":[[-113.01372,43.85697],[-113.01324,43.85767],[-113.01211,43.85768],[-113.01116,43.85602],[-113.0082,43.85426],[-113.00658,43.85292],[-113.0051,43.85213],[-113.00226,43.85112],[-113.00138,43.85086],[-112.99656,43.85012],[-112.99263,43.85002],[-112.99228,43.84987]]},"properties":{"gnis_name":null,"fcode":33600,"lengthkm":2.11763663}},{"type":"Feature","geometry":{"type":"LineString","coordinates":[[-113.32905,43.7504],[-113.32763,43.74715]]},"properties":{"gnis_name":"East Side Ditch","fcode":33600,"lengthkm":0.37989838000000004}},{"type":"Feature","geometry":{"type":"LineString","coordinates":[[-113.04802,43.81547],[-113.04738,43.81498],[-113.04777,43.81401],[-113.04774,43.81301],[-113.04531,43.81081],[-113.0436,43.80901],[-113.04313,43.80882],[-113.04025,43.80907]]},"properties":{"gnis_name":null,"fcode":33600,"lengthkm":1.13919688}},{"type":"Feature","geometry":{"type":"LineString","coordinates":[[-113.19964,43.95078],[-113.19924,43.9505],[-113.19926,43.95006],[-113.19888,43.9491],[-113.19878,43.94827],[-113.1983,43.94648],[-113.19801,43.94596],[-113.19798,43.94546],[-113.19815,43.94246],[-113.19839,43.94212],[-113.19848,43.94094],[-113.19864,43.94075],[-113.19868,43.93863],[-113.19905,43.93739],[-113.1993,43.93714],[-113.19928,43.93664],[-113.19961,43.93605]]},"properties":{"gnis_name":null,"fcode":33600,"lengthkm":1.7075870100000001}},{"type":"Feature","geometry":{"type":"LineString","coordinates":[[-113.34524,43.70015],[-113.34574,43.7],[-113.3457,43.6999],[-113.33938,43.68897]]},"properties":{"gnis_name":"East Side Ditch","fcode":33600,"lengthkm":1.3746597600000001}},{"type":"Feature","geometry":{"type":"LineString","coordinates":[[-113.06751,43.86906],[-113.06451,43.86502],[-113.05871,43.85891],[-113.05804,43.85865],[-113.05635,43.85648]]},"properties":{"gnis_name":null,"fcode":33600,"lengthkm":1.6765877599999999}},{"type":"Feature","geometry":{"type":"LineString","coordinates":[[-113.3341,43.6525],[-113.33412,43.65269],[-113.33377,43.65283],[-113.31995,43.65265]]},"properties":{"gnis_name":"Arco Canal","fcode":33600,"lengthkm":1.1662121699999999}},{"type":"Feature","geometry":{"type":"LineString","coordinates":[[-113.40089,43.68262],[-113.40101,43.68184],[-113.40144,43.68175],[-113.40287,43.68043]]},"properties":{"gnis_name":null,"fcode":33600,"lengthkm":0.32019327999999997}},{"type":"Feature","geometry":{"type":"LineString","coordinates":[[-113.0406,43.84163],[-113.03945,43.84059],[-113.03905,43.84042],[-113.03874,43.83999],[-113.03433,43.83669],[-113.03342,43.83642],[-113.03266,43.83598],[-113.03005,43.83564],[-113.02919,43.83524],[-113.02807,43.83499]]},"properties":{"gnis_name":null,"fcode":33600,"lengthkm":1.3013175799999999}},{"type":"Feature","geometry":{"type":"LineString","coordinates":[[-112.90523,43.72842],[-112.90524,43.73188]]},"properties":{"gnis_name":null,"fcode":33600,"lengthkm":0.386}},{"type":"Feature","geometry":{"type":"LineString","coordinates":[[-113.4597,43.91511],[-113.46143,43.91431]]},"properties":{"gnis_name":null,"fcode":33600,"lengthkm":0.16557702000000002}},{"type":"Feature","geometry":{"type":"LineString","coordinates":[[-113.32763,43.74715],[-113.32733,43.74531],[-113.32793,43.74404],[-113.32799,43.74358]]},"properties":{"gnis_name":"East Side Ditch","fcode":33600,"lengthkm":0.40879357}},{"type":"Feature","geometry":{"type":"LineString","coordinates":[[-113.22238,44.19878],[-113.2245,44.19866],[-113.22526,44.19744],[-113.22537,44.19681],[-113.22604,44.19547],[-113.22593,44.19498],[-113.22653,44.19408],[-113.2264,44.19279],[-113.22772,44.19193]]},"properties":{"gnis_name":null,"fcode":33600,"lengthkm":1.007}},{"type":"Feature","geometry":{"type":"LineString","coordinates":[[-113.1221,44.01142],[-113.1251,44.01248],[-113.12834,44.01285],[-113.13055,44.01332],[-113.13073,44.01321]]},"properties":{"gnis_name":null,"fcode":33600,"lengthkm":0.7363109800000001}},{"type":"Feature","geometry":{"type":"LineString","coordinates":[[-113.23523,43.99825],[-113.23352,43.99647],[-113.23222,43.99448],[-113.23144,43.99241],[-113.23146,43.99059],[-113.23116,43.98825],[-113.23142,43.9876],[-113.23126,43.98685],[-113.23142,43.98624],[-113.2318,43.98558],[-113.23217,43.98528],[-113.23254,43.98366],[-113.23288,43.9834],[-113.23448,43.98118],[-113.23583,43.98002]]},"properties":{"gnis_name":null,"fcode":33600,"lengthkm":2.21727665}},{"type":"Feature","geometry":{"type":"LineString","coordinates":[[-113.05662,43.85645],[-113.05384,43.85487],[-113.05359,43.84481]]},"properties":{"gnis_name":null,"fcode":33600,"lengthkm":1.4101726799999998}},{"type":"Feature","geometry":{"type":"LineString","coordinates":[[-112.92919,43.64672],[-112.92825,43.64747]]},"properties":{"gnis_name":null,"fcode":33600,"lengthkm":0.112}},{"type":"Feature","geometry":{"type":"LineString","coordinates":[[-112.90524,43.73969],[-112.90991,43.73968]]},"properties":{"gnis_name":null,"fcode":33600,"lengthkm":0.37397071}},{"type":"Feature","geometry":{"type":"LineString","coordinates":[[-113.64114,43.96011],[-113.63945,43.95985],[-113.63852,43.95944],[-113.63314,43.95794],[-113.63257,43.95804],[-113.63234,43.95752],[-113.62881,43.95628],[-113.62556,43.95554],[-113.62434,43.95552],[-113.6243,43.95513],[-113.62409,43.95477],[-113.62389,43.95476],[-113.62371,43.95429]]},"properties":{"gnis_name":null,"fcode":33600,"lengthkm":1.6598725500000002}},{"type":"Feature","geometry":{"type":"LineString","coordinates":[[-112.98024,43.53731],[-112.97452,43.54172],[-112.9617,43.5541]]},"properties":{"gnis_name":null,"fcode":33600,"lengthkm":2.39808047}},{"type":"Feature","geometry":{"type":"LineString","coordinates":[[-113.4057,43.66023],[-113.40591,43.66011],[-113.40651,43.66074],[-113.40737,43.66092],[-113.40791,43.66024]]},"properties":{"gnis_name":"Moore Canal","fcode":33600,"lengthkm":0.26970809}},{"type":"Feature","geometry":{"type":"LineString","coordinates":[[-113.23653,43.61496],[-113.23465,43.61537],[-113.23351,43.6151]]},"properties":{"gnis_name":"Arco Canal","fcode":33600,"lengthkm":0.25634972}},{"type":"Feature","geometry":{"type":"LineString","coordinates":[[-113.36427,43.68917],[-113.36334,43.68902],[-113.36344,43.68842],[-113.36328,43.68666],[-113.36363,43.6859],[-113.36354,43.68257],[-113.36408,43.68247],[-113.36408,43.68168]]},"properties":{"gnis_name":null,"fcode":33600,"lengthkm":0.9467561400000001}},{"type":"Feature","geometry":{"type":"LineString","coordinates":[[-113.35745,43.68168],[-113.36115,43.68165]]},"properties":{"gnis_name":null,"fcode":33600,"lengthkm":0.29709318000000007}},{"type":"Feature","geometry":{"type":"LineString","coordinates":[[-113.60179,43.9046],[-113.60123,43.90481],[-113.59785,43.90505],[-113.5955,43.90503],[-113.59286,43.90531],[-113.59057,43.90521],[-113.58825,43.90487],[-113.58558,43.90503],[-113.58273,43.9044],[-113.58243,43.9047],[-113.5802,43.90393],[-113.57774,43.9036],[-113.57701,43.90337],[-113.57581,43.90353],[-113.57433,43.90337],[-113.57211,43.9035],[-113.57086,43.90378],[-113.56875,43.90391],[-113.56526,43.90443],[-113.56186,43.90556],[-113.56085,43.90608],[-113.55667,43.90731],[-113.55459,43.90753],[-113.55363,43.90785],[-113.55077,43.9083],[-113.54932,43.90882],[-113.54815,43.90907],[-113.54751,43.90903],[-113.54672,43.9094],[-113.54538,43.90949],[-113.54495,43.90973],[-113.54457,43.90953],[-113.54429,43.9083],[-113.54386,43.90826],[-113.54333,43.90863],[-113.54293,43.90919],[-113.54274,43.90979],[-113.54109,43.91],[-113.54021,43.91059],[-113.53957,43.91068],[-113.53538,43.90975],[-113.53329,43.90878],[-113.53317,43.90734],[-113.53257,43.90679],[-113.53268,43.90317]]},"properties":{"gnis_name":"Swauger Ditch","fcode":33600,"lengthkm":6.69863174}},{"type":"Feature","geometry":{"type":"LineString","coordinates":[[-113.38814,43.69621],[-113.3944,43.6962]]},"properties":{"gnis_name":null,"fcode":33600,"lengthkm":0.5024409900000001}},{"type":"Feature","geometry":{"type":"LineString","coordinates":[[-113.58217,43.51747],[-113.58134,43.517],[-113.5802,43.51717],[-113.57859,43.51674],[-113.57591,43.51675],[-113.57428,43.51622],[-113.57419,43.51605]]},"properties":{"gnis_name":null,"fcode":33600,"lengthkm":0.70355528}},{"type":"Feature","geometry":{"type":"LineString","coordinates":[[-113.43693,43.63138],[-113.44475,43.63142],[-113.44603,43.62943]]},"properties":{"gnis_name":"Blaine Canal","fcode":33600,"lengthkm":0.87303559}},{"type":"Feature","geometry":{"type":"LineString","coordinates":[[-113.66961,44.00548],[-113.67,44.00565],[-113.67145,44.00538],[-113.67295,44.00534],[-113.67498,44.00486]]},"properties":{"gnis_name":null,"fcode":33600,"lengthkm":0.45243}},{"type":"Feature","geometry":{"type":"LineString","coordinates":[[-113.52483,43.90006],[-113.52491,43.90045],[-113.52427,43.90082],[-113.52224,43.90125],[-113.52042,43.90064],[-113.52006,43.90012],[-113.51941,43.89977],[-113.51583,43.89997]]},"properties":{"gnis_name":"Burnett Ditch","fcode":33600,"lengthkm":0.86732092}},{"type":"Feature","geometry":{"type":"LineString","coordinates":[[-112.95488,43.67942],[-112.95285,43.67976],[-112.95245,43.67971],[-112.9517,43.6793],[-112.95077,43.67928],[-112.95035,43.67901],[-112.9501,43.67816],[-112.94981,43.67809],[-112.9464,43.67846],[-112.94555,43.67817],[-112.94484,43.67759],[-112.94429,43.67788],[-112.94175,43.67764],[-112.9412,43.67735],[-112.94032,43.67722],[-112.93987,43.67692],[-112.93951,43.67647],[-112.93924,43.67525],[-112.93898,43.67508],[-112.93825,43.67517],[-112.93745,43.6761],[-112.93635,43.67674],[-112.93602,43.67684],[-112.93469,43.67651],[-112.93455,43.67628],[-112.93464,43.67571],[-112.93152,43.67417],[-112.93102,43.67349],[-112.9312,43.67246],[-112.93112,43.67187],[-112.93214,43.67074],[-112.93237,43.67028],[-112.9321,43.66992],[-112.93115,43.66963],[-112.93085,43.66921],[-112.93109,43.66822],[-112.93237,43.66766],[-112.93266,43.6674],[-112.93283,43.66688],[-112.9329,43.66558],[-112.93242,43.66322]]},"properties":{"gnis_name":null,"fcode":33600,"lengthkm":3.86787605}},{"type":"Feature","geometry":{"type":"LineString","coordinates":[[-113.23327,44.00505],[-113.23405,44.00417],[-113.23406,44.00383]]},"properties":{"gnis_name":null,"fcode":33600,"lengthkm":0.15421339}},{"type":"Feature","geometry":{"type":"LineString","coordinates":[[-113.35821,44.25621],[-113.3549,44.25617],[-113.35214,44.25583],[-113.34838,44.25576],[-113.34559,44.25609],[-113.34424,44.25598],[-113.34315,44.25632],[-113.3412,44.25649],[-113.33957,44.25637],[-113.33697,44.25675],[-113.33619,44.25666],[-113.3344,44.25712]]},"properties":{"gnis_name":null,"fcode":33600,"lengthkm":1.93819346}},{"type":"Feature","geometry":{"type":"LineString","coordinates":[[-112.98871,43.83131],[-112.98606,43.83122],[-112.98495,43.8305],[-112.98493,43.82755]]},"properties":{"gnis_name":null,"fcode":33600,"lengthkm":0.6632168}},{"type":"Feature","geometry":{"type":"LineString","coordinates":[[-113.48347,43.91833],[-113.48335,43.91768]]},"properties":{"gnis_name":null,"fcode":33600,"lengthkm":0.07423233}},{"type":"Feature","geometry":{"type":"LineString","coordinates":[[-113.60894,43.5266],[-113.60836,43.52651],[-113.60833,43.52585],[-113.6079,43.52519],[-113.60786,43.52485],[-113.60722,43.52469],[-113.60711,43.52358],[-113.60631,43.52294],[-113.60571,43.52302],[-113.60559,43.52362],[-113.60481,43.52388],[-113.60451,43.52418],[-113.6037,43.52406],[-113.60343,43.52422],[-113.6033,43.52453],[-113.60306,43.52449],[-113.60289,43.52424],[-113.60294,43.52338],[-113.6021,43.52297],[-113.60128,43.52207],[-113.60168,43.5206],[-113.6013,43.51968],[-113.60146,43.51908],[-113.60126,43.51832],[-113.60071,43.51787],[-113.59906,43.51809],[-113.59795,43.51783],[-113.59613,43.51795],[-113.59381,43.51786],[-113.59299,43.51831],[-113.59208,43.51856],[-113.5912,43.51847],[-113.58974,43.51866],[-113.589,43.51844],[-113.58828,43.51885],[-113.58675,43.5191]]},"properties":{"gnis_name":"Martins Ditch","fcode":33600,"lengthkm":2.94431812}},{"type":"Feature","geometry":{"type":"LineString","coordinates":[[-113.60828,43.89688],[-113.60792,43.89665],[-113.60796,43.89601],[-113.60722,43.89533],[-113.60655,43.895],[-113.60621,43.89398],[-113.60465,43.89232],[-113.60489,43.89146],[-113.60426,43.89083],[-113.60204,43.89139],[-113.60031,43.89101],[-113.59919,43.89025],[-113.5975,43.8895],[-113.59615,43.88931],[-113.59487,43.88874],[-113.59216,43.88715],[-113.59114,43.88681],[-113.59061,43.88627],[-113.58924,43.88564],[-113.58733,43.88499],[-113.58569,43.88414],[-113.58484,43.88408],[-113.58295,43.88345],[-113.58238,43.88296],[-113.58201,43.88215]]},"properties":{"gnis_name":"Rodger Ditch","fcode":33600,"lengthkm":2.97030541}},{"type":"Feature","geometry":{"type":"LineString","coordinates":[[-113.01304,43.85857],[-113.0122,43.85854],[-113.01191,43.85833],[-113.01064,43.85594],[-113.00826,43.85447],[-113.0062,43.85284],[-113.00511,43.85225],[-113.0031,43.85152],[-113.00092,43.85089],[-112.99634,43.85017],[-112.99289,43.85013],[-112.99158,43.84993],[-112.98839,43.85007]]},"properties":{"gnis_name":null,"fcode":33600,"lengthkm":2.38511627}},{"type":"Feature","geometry":{"type":"LineString","coordinates":[[-113.90908,44.08128],[-113.90906,44.08101],[-113.90889,44.08096],[-113.90802,44.08097],[-113.90572,44.0821],[-113.9036,44.08256],[-113.90292,44.08322],[-113.9025,44.0834],[-113.90214,44.08248],[-113.9013,44.08211],[-113.89979,44.08168],[-113.89726,44.08148],[-113.89665,44.0812],[-113.89616,44.08054],[-113.89615,44.08017],[-113.89651,44.0796],[-113.89726,44.079],[-113.89775,44.07756],[-113.89781,44.07695],[-113.8976,44.0766],[-113.89777,44.07631],[-113.89766,44.07593],[-113.89799,44.07484],[-113.89919,44.07332],[-113.89917,44.07308]]},"properties":{"gnis_name":null,"fcode":33600,"lengthkm":2.22679594}},{"type":"Feature","geometry":{"type":"LineString","coordinates":[[-113.25964,43.60859],[-113.2596,43.60974],[-113.25581,43.60983],[-113.25642,43.61141],[-113.25646,43.61499]]},"properties":{"gnis_name":null,"fcode":33600,"lengthkm":1.01469712}},{"type":"Feature","geometry":{"type":"LineString","coordinates":[[-113.49576,43.58344],[-113.49606,43.58371],[-113.49662,43.58385],[-113.49755,43.58378],[-113.49787,43.5831],[-113.49811,43.58301],[-113.49883,43.58338],[-113.49978,43.58234],[-113.50091,43.58189],[-113.50128,43.58206],[-113.50188,43.58191],[-113.50241,43.58203],[-113.50383,43.5819],[-113.50522,43.58149],[-113.50594,43.58177]]},"properties":{"gnis_name":null,"fcode":33600,"lengthkm":1.02877989}},{"type":"Feature","geometry":{"type":"LineString","coordinates":[[-113.82844,44.03163],[-113.81996,44.03196]]},"properties":{"gnis_name":null,"fcode":33600,"lengthkm":0.67882425}},{"type":"Feature","geometry":{"type":"LineString","coordinates":[[-113.41097,43.65253],[-113.41067,43.65244]]},"properties":{"gnis_name":null,"fcode":33600,"lengthkm":0.03309819}},{"type":"Feature","geometry":{"type":"LineString","coordinates":[[-113.10015,44.0019],[-113.10123,44.00311]]},"properties":{"gnis_name":null,"fcode":33600,"lengthkm":0.16111608000000002}},{"type":"Feature","geometry":{"type":"LineString","coordinates":[[-112.90991,43.73968],[-112.91027,43.73974],[-112.91072,43.74014],[-112.91128,43.74221],[-112.91561,43.74699]]},"properties":{"gnis_name":null,"fcode":33600,"lengthkm":0.96056595}},{"type":"Feature","geometry":{"type":"LineString","coordinates":[[-113.8519,43.9907],[-113.84795,43.99077],[-113.84769,43.99064],[-113.84793,43.98955],[-113.84782,43.98945],[-113.84687,43.98913],[-113.8459,43.9885],[-113.84591,43.98834],[-113.84376,43.98765],[-113.84274,43.98695]]},"properties":{"gnis_name":null,"fcode":33600,"lengthkm":0.98972607}},{"type":"Feature","geometry":{"type":"LineString","coordinates":[[-113.30038,44.17165],[-113.29829,44.17249],[-113.29742,44.17304],[-113.29413,44.17658],[-113.29255,44.17722],[-113.29056,44.17882],[-113.28954,44.18066],[-113.2888,44.18105],[-113.28829,44.18109]]},"properties":{"gnis_name":null,"fcode":33600,"lengthkm":1.48292162}},{"type":"Feature","geometry":{"type":"LineString","coordinates":[[-113.01375,43.84334],[-113.01378,43.84199]]},"properties":{"gnis_name":null,"fcode":33600,"lengthkm":0.151}},{"type":"Feature","geometry":{"type":"LineString","coordinates":[[-113.44772,43.78224],[-113.44773,43.78371],[-113.44745,43.7845]]},"properties":{"gnis_name":null,"fcode":33600,"lengthkm":0.25809367}},{"type":"Feature","geometry":{"type":"LineString","coordinates":[[-113.4057,43.66023],[-113.40563,43.66013],[-113.39594,43.66026]]},"properties":{"gnis_name":null,"fcode":33600,"lengthkm":0.79235617}},{"type":"Feature","geometry":{"type":"LineString","coordinates":[[-113.5258,43.85299],[-113.52341,43.85221],[-113.52263,43.85169],[-113.52124,43.85038],[-113.52045,43.84918],[-113.51835,43.84859],[-113.51707,43.84762],[-113.51556,43.84735],[-113.51458,43.84658],[-113.51299,43.84598],[-113.51212,43.8452],[-113.50574,43.84463],[-113.50528,43.84444],[-113.50479,43.84397],[-113.50407,43.84418],[-113.50368,43.84393],[-113.50241,43.84387],[-113.50213,43.8436],[-113.50169,43.84371],[-113.50107,43.84358],[-113.49986,43.84305],[-113.49841,43.84268],[-113.49797,43.84228],[-113.49738,43.84207],[-113.49508,43.84145]]},"properties":{"gnis_name":"Darlington Ditch","fcode":33600,"lengthkm":2.9898236299999996}},{"type":"Feature","geometry":{"type":"LineString","coordinates":[[-113.50174,43.91167],[-113.50117,43.91176],[-113.50042,43.91232],[-113.49951,43.91267],[-113.49753,43.91383],[-113.4973,43.91416],[-113.49515,43.91499],[-113.49371,43.91608],[-113.49272,43.91738]]},"properties":{"gnis_name":"Hanson Ditch","fcode":33600,"lengthkm":1.0022651599999999}},{"type":"Feature","geometry":{"type":"LineString","coordinates":[[-113.26665,44.22157],[-113.26601,44.22127]]},"properties":{"gnis_name":null,"fcode":33600,"lengthkm":0.06083148}},{"type":"Feature","geometry":{"type":"LineString","coordinates":[[-113.46549,43.80196],[-113.46537,43.80177],[-113.46338,43.80097],[-113.46153,43.79905],[-113.46028,43.79883],[-113.45722,43.79758],[-113.45573,43.79636],[-113.45352,43.79495],[-113.45149,43.79163],[-113.4503,43.79097],[-113.44887,43.78924],[-113.4481,43.78866],[-113.44681,43.7862],[-113.44757,43.7847],[-113.44745,43.7845]]},"properties":{"gnis_name":"Darlington Ditch","fcode":33600,"lengthkm":2.6264319800000004}},{"type":"Feature","geometry":{"type":"LineString","coordinates":[[-113.41097,43.65253],[-113.40856,43.65275]]},"properties":{"gnis_name":null,"fcode":33600,"lengthkm":0.19730642}},{"type":"Feature","geometry":{"type":"LineString","coordinates":[[-113.50272,43.88889],[-113.50263,43.88341]]},"properties":{"gnis_name":"Swauger Ditch","fcode":33600,"lengthkm":0.61135722}},{"type":"Feature","geometry":{"type":"LineString","coordinates":[[-113.35144,43.71795],[-113.35133,43.71508],[-113.35176,43.71448],[-113.35368,43.71442],[-113.35158,43.71086],[-113.3534,43.71087]]},"properties":{"gnis_name":"Island Ditch","fcode":33600,"lengthkm":1.1303107600000002}},{"type":"Feature","geometry":{"type":"LineString","coordinates":[[-113.22772,44.19193],[-113.23198,44.19179],[-113.23307,44.1919],[-113.23357,44.19175],[-113.23434,44.19198],[-113.23674,44.19214],[-113.23759,44.1924],[-113.24194,44.193],[-113.24288,44.19294],[-113.2434,44.19314],[-113.24485,44.19314],[-113.24557,44.19333],[-113.24603,44.19332],[-113.24648,44.19306],[-113.24837,44.19342],[-113.25279,44.19376],[-113.2541,44.19463]]},"properties":{"gnis_name":null,"fcode":33600,"lengthkm":2.2150105}},{"type":"Feature","geometry":{"type":"LineString","coordinates":[[-113.50086,44.18714],[-113.4874,44.19337],[-113.47945,44.195],[-113.46355,44.19429],[-113.44356,44.19257],[-113.43695,44.19176],[-113.42928,44.19011],[-113.38434,44.17124],[-113.37159,44.16262]]},"properties":{"gnis_name":"Dry Creek Canal","fcode":33600,"lengthkm":11.53742745}},{"type":"Feature","geometry":{"type":"LineString","coordinates":[[-113.23583,43.98002],[-113.23555,43.97911],[-113.23597,43.97749],[-113.23586,43.97702],[-113.23534,43.97628],[-113.235,43.9754],[-113.23495,43.97484],[-113.23513,43.97425],[-113.23501,43.97366],[-113.23433,43.97264],[-113.23418,43.97179],[-113.23358,43.97112],[-113.22838,43.97156],[-113.2252,43.97079],[-113.22465,43.97049],[-113.22251,43.97015],[-113.21973,43.96895],[-113.21634,43.96715],[-113.21451,43.96578],[-113.21421,43.96512],[-113.21441,43.965]]},"properties":{"gnis_name":null,"fcode":33600,"lengthkm":2.87761537}},{"type":"Feature","geometry":{"type":"LineString","coordinates":[[-113.0632,43.81896],[-113.06246,43.81845],[-113.05878,43.8183],[-113.05666,43.8175]]},"properties":{"gnis_name":null,"fcode":33600,"lengthkm":0.5720756}},{"type":"Feature","geometry":{"type":"LineString","coordinates":[[-112.99397,43.8023],[-112.99206,43.80236],[-112.98606,43.80459]]},"properties":{"gnis_name":null,"fcode":33600,"lengthkm":0.6954822900000001}},{"type":"Feature","geometry":{"type":"LineString","coordinates":[[-113.41562,43.60772],[-113.41558,43.60291],[-113.4141,43.60211]]},"properties":{"gnis_name":null,"fcode":33600,"lengthkm":0.68660423}},{"type":"Feature","geometry":{"type":"LineString","coordinates":[[-113.51403,44.29993],[-113.51229,44.30023],[-113.51162,44.29965],[-113.51134,44.29868],[-113.50975,44.29747],[-113.50932,44.29747],[-113.50908,44.29765],[-113.50856,44.2974],[-113.50782,44.29748],[-113.50724,44.29725],[-113.50658,44.29721],[-113.50659,44.29678],[-113.50608,44.29652],[-113.50583,44.29667],[-113.50488,44.29664],[-113.5047,44.29688]]},"properties":{"gnis_name":null,"fcode":33600,"lengthkm":1.05415175}},{"type":"Feature","geometry":{"type":"LineString","coordinates":[[-113.51007,44.29405],[-113.50724,44.29321],[-113.50656,44.29279],[-113.50438,44.29244],[-113.5029,44.29151],[-113.50206,44.29125],[-113.49927,44.28986],[-113.49843,44.28925],[-113.49582,44.28853],[-113.49513,44.2882],[-113.49415,44.28759],[-113.49352,44.28692],[-113.49272,44.28674],[-113.49165,44.28686],[-113.49116,44.28674],[-113.48939,44.28585],[-113.4888,44.28573]]},"properties":{"gnis_name":null,"fcode":33600,"lengthkm":2.01865475}},{"type":"Feature","geometry":{"type":"LineString","coordinates":[[-113.511,44.29465],[-113.51038,44.29413],[-113.51007,44.29405]]},"properties":{"gnis_name":null,"fcode":33600,"lengthkm":0.10284039}},{"type":"Feature","geometry":{"type":"LineString","coordinates":[[-113.51103,44.29493],[-113.511,44.29465]]},"properties":{"gnis_name":null,"fcode":33600,"lengthkm":0.03146489}},{"type":"Feature","geometry":{"type":"LineString","coordinates":[[-113.51353,44.29796],[-113.5133,44.29796],[-113.51231,44.29716],[-113.51205,44.29656],[-113.51183,44.29646],[-113.51147,44.29542],[-113.51124,44.29534],[-113.51103,44.29493]]},"properties":{"gnis_name":null,"fcode":33600,"lengthkm":0.42062093}},{"type":"Feature","geometry":{"type":"LineString","coordinates":[[-113.10346,43.84702],[-113.10253,43.84598],[-113.10206,43.84493],[-113.10149,43.84446],[-113.1011,43.84352],[-113.09992,43.84169],[-113.09982,43.84043],[-113.09899,43.83765],[-113.09902,43.83719],[-113.09932,43.83674]]},"properties":{"gnis_name":null,"fcode":42805,"lengthkm":1.233}},{"type":"Feature","geometry":{"type":"LineString","coordinates":[[-112.91985,43.64774],[-112.91949,43.64786],[-112.91953,43.64935],[-112.91965,43.65059],[-112.91998,43.65182]]},"properties":{"gnis_name":null,"fcode":42800,"lengthkm":0.47861407}},{"type":"Feature","geometry":{"type":"LineString","coordinates":[[-113.12524,43.91137],[-113.12488,43.91072],[-113.12481,43.91001],[-113.12415,43.90867],[-113.12411,43.9083],[-113.12507,43.90695],[-113.12506,43.90596],[-113.1241,43.90513],[-113.12332,43.90481],[-113.12269,43.90379],[-113.12283,43.90294],[-113.1227,43.90229],[-113.12122,43.90126],[-113.12058,43.89968],[-113.12027,43.89937],[-113.12024,43.89869],[-113.11925,43.89821],[-113.11914,43.89757],[-113.11846,43.8966],[-113.11788,43.8961],[-113.11748,43.89446],[-113.11684,43.8934],[-113.11677,43.89255],[-113.11653,43.89208]]},"properties":{"gnis_name":null,"fcode":42805,"lengthkm":2.436}},{"type":"Feature","geometry":{"type":"LineString","coordinates":[[-113.26114,43.60611],[-113.26093,43.60652],[-113.26111,43.60763],[-113.26039,43.60804],[-113.25965,43.608],[-113.25964,43.60859]]},"properties":{"gnis_name":null,"fcode":42800,"lengthkm":0.37440974}},{"type":"Feature","geometry":{"type":"LineString","coordinates":[[-113.10225,43.83617],[-113.1023,43.83513]]},"properties":{"gnis_name":null,"fcode":42805,"lengthkm":0.117}},{"type":"Feature","geometry":{"type":"LineString","coordinates":[[-112.98816,43.54547],[-112.98576,43.54626]]},"properties":{"gnis_name":null,"fcode":42800,"lengthkm":0.211915}},{"type":"Feature","geometry":{"type":"LineString","coordinates":[[-113.26665,44.22157],[-113.26932,44.21995]]},"properties":{"gnis_name":"Telford Pipe","fcode":42807,"lengthkm":0.27847313}},{"type":"Feature","geometry":{"type":"LineString","coordinates":[[-113.92231,44.05744],[-113.92218,44.05796]]},"properties":{"gnis_name":null,"fcode":42800,"lengthkm":0.05828827}},{"type":"Feature","geometry":{"type":"LineString","coordinates":[[-113.26438,44.22293],[-113.26665,44.22157]]},"properties":{"gnis_name":"Telford Pipe","fcode":42807,"lengthkm":0.23573455000000001}},{"type":"Feature","geometry":{"type":"LineString","coordinates":[[-113.09932,43.83674],[-113.09984,43.83591]]},"properties":{"gnis_name":null,"fcode":42805,"lengthkm":0.10300000000000001}},{"type":"Feature","geometry":{"type":"LineString","coordinates":[[-113.09984,43.83591],[-113.09988,43.8355],[-113.0996,43.83461],[-113.09944,43.83088],[-113.09925,43.82978],[-113.09909,43.82516]]},"properties":{"gnis_name":null,"fcode":42805,"lengthkm":1.207}},{"type":"Feature","geometry":{"type":"LineString","coordinates":[[-113.11653,43.89208],[-113.11596,43.8918],[-113.1154,43.89058],[-113.11535,43.89031],[-113.11565,43.88954],[-113.11516,43.88898],[-113.11509,43.88751],[-113.11405,43.8856],[-113.11375,43.88447],[-113.1128,43.88262]]},"properties":{"gnis_name":null,"fcode":42805,"lengthkm":1.139}},{"type":"Feature","geometry":{"type":"LineString","coordinates":[[-113.45469,43.80531],[-113.45405,43.80407],[-113.45271,43.80036],[-113.45298,43.79828],[-113.45361,43.79721],[-113.45342,43.79634],[-113.45272,43.79572],[-113.45237,43.79515],[-113.45161,43.79339],[-113.45123,43.79187]]},"properties":{"gnis_name":"Hanrahan Ditch","fcode":42800,"lengthkm":1.57435534}},{"type":"Feature","geometry":{"type":"LineString","coordinates":[[-113.11701,43.85793],[-113.11671,43.85721],[-113.11538,43.85676],[-113.11162,43.85322],[-113.11016,43.8512]]},"properties":{"gnis_name":null,"fcode":42805,"lengthkm":0.9570000000000001}},{"type":"Feature","geometry":{"type":"LineString","coordinates":[[-113.03681,43.53432],[-113.03677,43.53411],[-113.03603,43.53404],[-113.03486,43.53425],[-113.0337,43.53338],[-113.02913,43.53228],[-113.00401,43.54037]]},"properties":{"gnis_name":null,"fcode":42807,"lengthkm":2.92158306}},{"type":"Feature","geometry":{"type":"LineString","coordinates":[[-113.30862,43.61642],[-113.3084,43.61626],[-113.3074,43.61614]]},"properties":{"gnis_name":null,"fcode":42800,"lengthkm":0.1071742}},{"type":"Feature","geometry":{"type":"LineString","coordinates":[[-113.43418,43.8871],[-113.43447,43.88604]]},"properties":{"gnis_name":null,"fcode":42800,"lengthkm":0.12042772}},{"type":"Feature","geometry":{"type":"LineString","coordinates":[[-113.84958,44.13083],[-113.86153,44.13207],[-113.86615,44.13279],[-113.86936,44.13282]]},"properties":{"gnis_name":null,"fcode":42807,"lengthkm":1.59612237}},{"type":"Feature","geometry":{"type":"LineString","coordinates":[[-113.25773,44.22691],[-113.26438,44.22293]]},"properties":{"gnis_name":"Telford Pipe","fcode":42807,"lengthkm":0.69166123}},{"type":"Feature","geometry":{"type":"LineString","coordinates":[[-113.11525,43.88223],[-113.11472,43.88107],[-113.11444,43.87947],[-113.11475,43.87577],[-113.11521,43.87514],[-113.1154,43.8744],[-113.11618,43.87323],[-113.11854,43.86848],[-113.12014,43.86624],[-113.12045,43.86523]]},"properties":{"gnis_name":null,"fcode":42805,"lengthkm":1.9985657}},{"type":"Feature","geometry":{"type":"LineString","coordinates":[[-113.11864,43.89114],[-113.118,43.89063],[-113.11808,43.88905],[-113.1176,43.88848],[-113.11729,43.8871],[-113.1165,43.88586],[-113.11525,43.88223]]},"properties":{"gnis_name":null,"fcode":42805,"lengthkm":1.058}},{"type":"Feature","geometry":{"type":"LineString","coordinates":[[-113.1128,43.88262],[-113.11241,43.88142],[-113.11198,43.87839],[-113.11238,43.8756],[-113.11276,43.87461],[-113.11414,43.87263],[-113.11623,43.86793],[-113.11687,43.867],[-113.11358,43.86161],[-113.11294,43.85903],[-113.11284,43.85736],[-113.11172,43.85663],[-113.1101,43.8549],[-113.10937,43.85434],[-113.10796,43.85242]]},"properties":{"gnis_name":null,"fcode":42805,"lengthkm":3.64416354}},{"type":"Feature","geometry":{"type":"LineString","coordinates":[[-113.12045,43.86523],[-113.11983,43.86423],[-113.11828,43.8625],[-113.11748,43.86117],[-113.11746,43.86087]]},"properties":{"gnis_name":null,"fcode":42805,"lengthkm":0.5491646}},{"type":"Feature","geometry":{"type":"LineString","coordinates":[[-112.9884,43.54539],[-112.98816,43.54547]]},"properties":{"gnis_name":null,"fcode":42800,"lengthkm":0.02134384}},{"type":"Feature","geometry":{"type":"LineString","coordinates":[[-113.11016,43.8512],[-113.10596,43.84627]]},"properties":{"gnis_name":null,"fcode":42805,"lengthkm":0.645}},{"type":"Feature","geometry":{"type":"LineString","coordinates":[[-113.11746,43.86087],[-113.11737,43.85955],[-113.117,43.8588],[-113.11701,43.85793]]},"properties":{"gnis_name":null,"fcode":42805,"lengthkm":0.334}},{"type":"Feature","geometry":{"type":"LineString","coordinates":[[-113.27933,44.21395],[-113.29486,44.20456]]},"properties":{"gnis_name":"Telford Pipe","fcode":42807,"lengthkm":1.62116509}},{"type":"Feature","geometry":{"type":"LineString","coordinates":[[-113.13242,43.91829],[-113.13182,43.91776],[-113.13178,43.91673],[-113.13085,43.91509],[-113.13087,43.91462],[-113.13071,43.9143],[-113.1294,43.91254],[-113.1293,43.91166],[-113.12887,43.91061],[-113.12661,43.90787],[-113.12491,43.9048],[-113.12521,43.9041],[-113.12501,43.90356]]},"properties":{"gnis_name":null,"fcode":42805,"lengthkm":1.7947422000000002}},{"type":"Feature","geometry":{"type":"LineString","coordinates":[[-113.27656,44.2156],[-113.27933,44.21395]]},"properties":{"gnis_name":"Telford Pipe","fcode":42807,"lengthkm":0.28681653}},{"type":"Feature","geometry":{"type":"LineString","coordinates":[[-113.13073,44.01321],[-113.13703,44.00505]]},"properties":{"gnis_name":null,"fcode":42805,"lengthkm":1.04015404}},{"type":"Feature","geometry":{"type":"LineString","coordinates":[[-113.1023,43.83513],[-113.10218,43.83163],[-113.10277,43.82895],[-113.10273,43.82798],[-113.10295,43.82748],[-113.10288,43.82701],[-113.10302,43.82669],[-113.10279,43.826],[-113.10321,43.8254]]},"properties":{"gnis_name":null,"fcode":42805,"lengthkm":1.111}},{"type":"Feature","geometry":{"type":"LineString","coordinates":[[-113.26932,44.21995],[-113.27656,44.2156]]},"properties":{"gnis_name":"Telford Pipe","fcode":42807,"lengthkm":0.75384692}},{"type":"Feature","geometry":{"type":"LineString","coordinates":[[-113.4304,43.81149],[-113.43028,43.81158]]},"properties":{"gnis_name":"Antelope Creek","fcode":42813,"lengthkm":0.013346390000000001}},{"type":"Feature","geometry":{"type":"LineString","coordinates":[[-113.48335,43.91768],[-113.48214,43.91706]]},"properties":{"gnis_name":null,"fcode":42800,"lengthkm":0.12059561}},{"type":"Feature","geometry":{"type":"LineString","coordinates":[[-113.08582,44.00597],[-113.10015,44.0019]]},"properties":{"gnis_name":null,"fcode":42805,"lengthkm":1.2322757199999999}},{"type":"Feature","geometry":{"type":"LineString","coordinates":[[-113.40735,43.66338],[-113.40791,43.66269]]},"properties":{"gnis_name":"Blaine Canal","fcode":42813,"lengthkm":0.08840612}},{"type":"Feature","geometry":{"type":"LineString","coordinates":[[-113.46364,43.61396],[-113.46276,43.61247],[-113.46066,43.61013],[-113.46047,43.60961],[-113.46039,43.60821],[-113.45948,43.60705]]},"properties":{"gnis_name":"Blaine Canal","fcode":42800,"lengthkm":0.8587765700000001}},{"type":"Feature","geometry":{"type":"LineString","coordinates":[[-112.9713,43.58217],[-112.95838,43.58796]]},"properties":{"gnis_name":null,"fcode":42800,"lengthkm":1.2232243900000002}},{"type":"Feature","geometry":{"type":"LineString","coordinates":[[-113.10796,43.85242],[-113.10721,43.85136],[-113.10554,43.84955],[-113.10503,43.84865],[-113.10426,43.84811],[-113.10346,43.84702]]},"properties":{"gnis_name":null,"fcode":42805,"lengthkm":0.7090000000000001}},{"type":"Feature","geometry":{"type":"LineString","coordinates":[[-113.37586,43.83467],[-113.37412,43.83343],[-113.3734,43.83266],[-113.37299,43.83252],[-113.37268,43.83152],[-113.37175,43.82986],[-113.36994,43.82901],[-113.36944,43.82851],[-113.36797,43.82797],[-113.36466,43.82387],[-113.36496,43.82288],[-113.36455,43.82005],[-113.36469,43.81932],[-113.36444,43.81812],[-113.36318,43.81618],[-113.36303,43.81431],[-113.3627,43.81327],[-113.36278,43.81263],[-113.36238,43.81226],[-113.36286,43.8119],[-113.36275,43.81063],[-113.36295,43.80917],[-113.36252,43.80832],[-113.36248,43.80781],[-113.36194,43.80714],[-113.36194,43.80647],[-113.36131,43.80494],[-113.36075,43.80414],[-113.36034,43.80308],[-113.3604,43.80285]]},"properties":{"gnis_name":"Beck and Evan Ditch","fcode":42800,"lengthkm":4.01149821}},{"type":"Feature","geometry":{"type":"LineString","coordinates":[[-113.01004,43.54863],[-113.00925,43.54955]]},"properties":{"gnis_name":null,"fcode":42800,"lengthkm":0.12106237000000002}},{"type":"Feature","geometry":{"type":"LineString","coordinates":[[-113.43792,43.8279],[-113.43729,43.82796]]},"properties":{"gnis_name":"Blaine Canal","fcode":42801,"lengthkm":0.050839840000000004}},{"type":"Feature","geometry":{"type":"LineString","coordinates":[[-113.12085,43.89617],[-113.12041,43.8954],[-113.1199,43.89509],[-113.11975,43.89401],[-113.11926,43.89344],[-113.11879,43.89245],[-113.11859,43.89165],[-113.11864,43.89114]]},"properties":{"gnis_name":null,"fcode":42805,"lengthkm":0.609}},{"type":"Feature","geometry":{"type":"LineString","coordinates":[[-113.38868,43.76177],[-113.38768,43.76121]]},"properties":{"gnis_name":"Blaine Canal","fcode":42809,"lengthkm":0.10200000000000001}},{"type":"Feature","geometry":{"type":"LineString","coordinates":[[-113.12501,43.90356],[-113.12436,43.90332],[-113.12398,43.90256],[-113.1234,43.90195],[-113.12323,43.90111],[-113.1236,43.90072],[-113.12357,43.90056],[-113.12288,43.89951],[-113.12225,43.89916],[-113.12218,43.89829],[-113.12147,43.89766],[-113.12085,43.89617]]},"properties":{"gnis_name":null,"fcode":42805,"lengthkm":0.9580000000000001}},{"type":"Feature","geometry":{"type":"LineString","coordinates":[[-113.10596,43.84627],[-113.10525,43.84555],[-113.10314,43.84225],[-113.1026,43.84116],[-113.10193,43.83762],[-113.10225,43.83617]]},"properties":{"gnis_name":null,"fcode":42805,"lengthkm":1.198}},{"type":"Feature","geometry":{"type":"LineString","coordinates":[[-112.98816,43.54547],[-112.98803,43.54521]]},"properties":{"gnis_name":null,"fcode":42800,"lengthkm":0.03180748}}],"_source":{"service":"https://hydro.nationalmap.gov/arcgis/rest/services/nhd/MapServer","layer":6,"fetched":"2026-07-22T22:34:41.511556+00:00","note":"NHD HR flowlines with fcode in canal/ditch (336xx) or pipeline (428xx) ranges, clipped to Basin 34 bbox. Used for map canal + pipeline toggles; lined canals to newer east/west-of-river ground are a story layer on top, not a separate NHD class.","counts":{"canal_ditch":671,"pipeline":47,"total":718}}}
